日期,ndcg,mrr,kendall_tau_distance
2013-02-04,1.0,1.0,0
2013-02-20,1.0,0.3333333333333333,0.0
2013-02-23,1.0,1.0,0
2013-02-28,1.0,1.0,0
2013-03-12,0.6943524120189938,0.14285714285714285,0.5714285714285714
2013-03-13,0.8233148653203511,0.14285714285714285,0.8095238095238095
2013-03-14,0.9942193456233501,0.2,0.4
2013-03-15,0.7166844577155196,0.2,0.7
2013-03-16,0.830218974195191,0.3333333333333333,0.6666666666666666
2013-03-17,1.0,1.0,0.0
2013-03-19,0.7087098978375722,0.3333333333333333,0.6666666666666666
2013-03-20,0.738543695161435,0.3333333333333333,0.5333333333333333
2013-03-21,0.6572810242098204,0.25,0.5333333333333333
2013-03-22,0.601112874702992,0.1,0.6909090909090909
2013-03-23,0.6956692051524107,0.16666666666666666,0.8
2013-03-24,0.592696621414413,0.14285714285714285,0.7727272727272727
2013-03-25,0.6807223444979268,0.2,0.8
2013-03-26,0.7335217696703237,0.047619047619047616,0.5784615384615385
2013-03-27,0.6784059474545131,0.07142857142857142,0.625
2013-03-28,0.6916500441004984,0.14285714285714285,0.6190476190476191
2013-03-29,0.7714128085089548,0.09090909090909091,0.4852941176470588
2013-03-30,0.6895510159541335,0.09090909090909091,0.625
2013-03-31,0.749537777506318,0.1111111111111111,0.6515151515151515
2013-04-01,0.6980545905843824,0.047619047619047616,0.5942028985507246
2013-04-02,0.684930427086928,0.06666666666666667,0.575
2013-04-03,0.8224178252035645,0.09090909090909091,0.477124183006536
2013-04-04,0.7967036548833855,0.2,0.5384615384615384
2013-04-05,0.7941959577484193,0.16666666666666666,0.5714285714285714
2013-04-06,0.9489635971633315,0.25,0.38095238095238093
2013-04-07,0.9507715781463155,0.3333333333333333,0.5
2013-04-08,0.9279430900425075,0.09090909090909091,0.4909090909090909
2013-04-09,0.7552793154881967,0.09090909090909091,0.6538461538461539
2013-04-10,0.8395367822100066,0.125,0.5111111111111111
2013-04-11,0.764233373132948,0.09090909090909091,0.5428571428571428
2013-04-12,0.7662093511053015,0.08333333333333333,0.5512820512820513
2013-04-15,0.8693161200317383,0.16666666666666666,0.7333333333333333
2013-04-16,0.7071420152941653,0.1,0.6444444444444445
2013-04-18,0.8061251915557894,0.14285714285714285,0.6666666666666666
2013-04-19,0.7866086994292962,0.1,0.6025641025641025
2013-04-20,0.5720138062667245,0.08333333333333333,0.6363636363636364
2013-04-22,0.5848524062479993,0.07142857142857142,0.7333333333333333
2013-04-23,0.6390753031879541,0.07142857142857142,0.7189542483660131
2013-04-25,0.5761201736568292,0.08333333333333333,0.6538461538461539
2013-04-26,0.7296739056854169,0.07692307692307693,0.6
2013-04-28,0.763532045587734,0.25,0.5757575757575758
2013-04-29,0.7616065121624315,0.25,0.6410256410256411
2013-04-30,0.717289469195476,0.07142857142857142,0.7047619047619048
2013-05-01,0.6227964927661742,0.0625,0.75
2013-05-02,0.6498892303090215,0.07692307692307693,0.7124183006535948
2013-05-03,0.7486165259267362,0.09090909090909091,0.6023391812865497
2013-05-04,0.5768913222829031,0.06666666666666667,0.6666666666666666
2013-05-05,0.7254100971495407,0.1111111111111111,0.5604395604395604
2013-05-06,0.6465418751183291,0.05263157894736842,0.6198830409356725
2013-05-07,0.6149600913731676,0.03571428571428571,0.7222222222222222
2013-05-08,0.5461815833653769,0.1,0.7454545454545455
2013-05-09,0.5758117479009887,0.1111111111111111,0.6410256410256411
2013-05-10,0.6655736744568282,0.05555555555555555,0.7134502923976608
2013-05-11,0.6854062881564279,0.14285714285714285,0.6794871794871795
2013-05-13,0.5535478615726623,0.05263157894736842,0.7602339181286549
2013-05-14,0.7195665692191336,0.16666666666666666,0.7090909090909091
2013-05-15,0.7085425479613523,0.05263157894736842,0.695906432748538
2013-05-16,0.6854444781116462,0.05263157894736842,0.6320346320346321
2013-05-17,0.5461863463644524,0.05555555555555555,0.672514619883041
2013-05-19,0.6120747160938876,0.05555555555555555,0.6684210526315789
2013-05-20,0.5866805491052973,0.05,0.6493506493506493
2013-05-21,0.5562049912259149,0.05263157894736842,0.6521739130434783
2013-05-22,0.5238602940528042,0.04,0.7166666666666667
2013-05-23,0.5648284605309914,0.043478260869565216,0.7033333333333334
2013-05-24,0.5493466511871822,0.045454545454545456,0.6896551724137931
2013-05-25,0.6967003842398122,0.043478260869565216,0.5783475783475783
2013-05-27,0.7294044925204798,0.05263157894736842,0.5471014492753623
2013-05-28,0.5848385654366006,0.034482758620689655,0.671264367816092
2013-05-29,0.5836468828599098,0.04,0.6804597701149425
2013-05-30,0.6270796162897808,0.03571428571428571,0.7201426024955436
2013-05-31,0.557888036583687,0.03333333333333333,0.6967741935483871
2013-06-01,0.7100006371631218,0.0625,0.5889328063241107
2013-06-02,0.6453375404673168,0.038461538461538464,0.6369230769230769
2013-06-03,0.5999707881397099,0.037037037037037035,0.7338709677419355
2013-06-04,0.5783843273822364,0.037037037037037035,0.740530303030303
2013-06-05,0.653598463877883,0.034482758620689655,0.6988636363636364
2013-06-06,0.7289353766585018,0.030303030303030304,0.6799242424242424
2013-06-07,0.6438489732695142,0.02857142857142857,0.6682539682539682
2013-06-09,0.7509907160237971,0.034482758620689655,0.6310160427807486
2013-06-10,0.652594515055629,0.02564102564102564,0.6842105263157895
2013-06-11,0.71246744014641,0.02857142857142857,0.6968253968253968
2013-06-12,0.6619310337741022,0.029411764705882353,0.6809269162210339
2013-06-13,0.6979686774850948,0.034482758620689655,0.6527093596059114
2013-06-14,0.6477395157089838,0.034482758620689655,0.6946236559139785
2013-06-15,0.6487307682459712,0.058823529411764705,0.6684210526315789
2013-06-17,0.5986271738758667,0.041666666666666664,0.6825396825396826
2013-06-18,0.6708796538067262,0.03333333333333333,0.7080459770114943
2013-06-19,0.6437278064480603,0.029411764705882353,0.7428571428571429
2013-06-20,0.6167462474892603,0.038461538461538464,0.7724867724867724
2013-06-21,0.6031311100535853,0.041666666666666664,0.7378917378917379
2013-06-22,0.5517221996942598,0.047619047619047616,0.6904761904761905
2013-06-23,0.5629021351639503,0.05555555555555555,0.5964912280701754
2013-06-24,0.5807525945286681,0.05555555555555555,0.6666666666666666
2013-06-25,0.619958750364193,0.045454545454545456,0.6366666666666667
2013-06-26,0.6867016501670915,0.047619047619047616,0.6276923076923077
2013-06-27,0.6261014969642652,0.04,0.6666666666666666
2013-06-28,0.5910137269727666,0.03125,0.6554621848739496
2013-06-29,0.6321737817840513,0.03225806451612903,0.634469696969697
2013-06-30,0.633951275139933,0.03333333333333333,0.6221033868092691
2013-07-01,0.5625945865534909,0.02564102564102564,0.7552602436323367
2013-07-02,0.5675971300248132,0.027777777777777776,0.7145877378435518
2013-07-03,0.6726862438943809,0.029411764705882353,0.7058029689608637
2013-07-04,0.6933856095022081,0.034482758620689655,0.6890756302521008
2013-07-05,0.5665030618947305,0.02702702702702703,0.7038327526132404
2013-07-07,0.7017432566244874,0.03571428571428571,0.6426426426426426
2013-09-23,0.730685868674848,0.1111111111111111,0.45605920444033304
2013-07-08,0.5889095946412165,0.024390243902439025,0.6818181818181818
2013-07-09,0.6824816521483092,0.022727272727272728,0.678646934460888
2013-07-10,0.5845903968555396,0.023809523809523808,0.6854928017718716
2013-07-11,0.703175966111379,0.02702702702702703,0.6321321321321322
2013-07-12,0.6024856542182331,0.022727272727272728,0.7103594080338267
2013-07-13,0.6280352334264007,0.030303030303030304,0.6880570409982175
2013-07-15,0.6967048253301755,0.02857142857142857,0.6936507936507936
2013-07-16,0.6660850712360459,0.030303030303030304,0.714795008912656
2013-07-17,0.6470029376738468,0.02702702702702703,0.7342342342342343
2013-07-18,0.5634260324438197,0.02857142857142857,0.726984126984127
2013-07-19,0.6048101217547095,0.03225806451612903,0.7361344537815127
2013-07-20,0.6711236340923681,0.04,0.6825396825396826
2013-07-21,0.6422867479222111,0.03225806451612903,0.7204301075268817
2013-07-22,0.6048014356650407,0.029411764705882353,0.7342342342342343
2013-07-23,0.6084162049453603,0.034482758620689655,0.7140151515151515
2013-07-24,0.6900710901865851,0.03571428571428571,0.7045454545454546
2013-07-25,0.6794670030667157,0.038461538461538464,0.6967741935483871
2013-07-26,0.597140046793186,0.029411764705882353,0.7076648841354723
2013-07-27,0.6020398842847284,0.03125,0.6685606060606061
2013-07-28,0.6273296267886224,0.03125,0.6653225806451613
2013-07-29,0.6658936677246645,0.02702702702702703,0.6996996996996997
2013-07-30,0.6202974259426682,0.02631578947368421,0.7192307692307692
2013-07-31,0.6794071702202532,0.030303030303030304,0.6818181818181818
2013-08-01,0.7281528859352865,0.04,0.6408602150537634
2013-08-02,0.6272463579669695,0.02631578947368421,0.6761133603238867
2013-08-03,0.7590880900770925,0.03125,0.6302521008403361
2013-08-04,0.6908549508345032,0.02702702702702703,0.6516516516516516
2013-08-05,0.6312005295323989,0.023255813953488372,0.7065337763012182
2013-08-06,0.5815472023427661,0.029411764705882353,0.7109243697478992
2013-08-07,0.5928110829927373,0.02564102564102564,0.7307692307692307
2013-08-08,0.681826995207619,0.03571428571428571,0.6817204301075269
2013-08-09,0.564087320985787,0.029411764705882353,0.7432432432432432
2013-08-10,0.6180730450979519,0.04,0.7290322580645161
2013-08-11,0.6701982990634395,0.038461538461538464,0.6942528735632184
2013-08-12,0.6343609448236699,0.02857142857142857,0.7587301587301587
2013-08-13,0.6009659028848132,0.03125,0.692436974789916
2013-08-14,0.6050956176327037,0.02631578947368421,0.7182926829268292
2013-08-15,0.5839543726914511,0.04,0.6455026455026455
2013-08-16,0.6373144193141985,0.03333333333333333,0.6609848484848485
2013-08-17,0.7443178916807122,0.043478260869565216,0.6
2013-08-18,0.6032019372283141,0.03333333333333333,0.6452762923351159
2013-08-19,0.6747116752105008,0.027777777777777776,0.6728307254623044
2013-08-20,0.7563417972978671,0.04,0.6321321321321322
2013-08-21,0.7396642397044199,0.023809523809523808,0.5718816067653277
2013-08-22,0.6915535251556921,0.022727272727272728,0.6272727272727273
2013-08-23,0.6142137160971701,0.024390243902439025,0.7032312925170068
2013-08-24,0.595145605493798,0.02564102564102564,0.6170731707317073
2013-08-25,0.705154014221031,0.02631578947368421,0.5961538461538461
2013-08-26,0.656416349354109,0.022222222222222223,0.6386473429951691
2013-08-27,0.6862817251844768,0.023255813953488372,0.5828282828282828
2013-08-28,0.5861446873401702,0.022727272727272728,0.6121212121212121
2013-08-29,0.6378123604629835,0.019230769230769232,0.6259426847662142
2013-08-30,0.6642097200475496,0.021739130434782608,0.6219426974143956
2013-08-31,0.7603495628430423,0.05,0.48412698412698413
2013-09-01,0.8263786663282617,0.5,0.49523809523809526
2013-09-02,0.8282380342342237,0.5,0.5135135135135135
2013-09-03,0.7033884335256981,0.02564102564102564,0.5285024154589372
2013-09-04,0.6132830365978487,0.02127659574468085,0.6820405310971349
2013-09-05,0.6118789682247252,0.02,0.6938775510204082
2013-09-06,0.5750510348641628,0.021739130434782608,0.6551418439716312
2013-09-07,0.7396557523653473,0.02564102564102564,0.5968992248062015
2013-09-08,0.7420526689596654,0.02564102564102564,0.6014799154334038
2013-09-09,0.6120073846128767,0.02040816326530612,0.6879251700680272
2013-09-10,0.6854266040248782,0.027777777777777776,0.6411149825783972
2013-09-11,0.6234769733508803,0.02564102564102564,0.6487179487179487
2013-09-12,0.6963089689798292,0.02702702702702703,0.6516516516516516
2013-09-13,0.5829380612443539,0.025,0.7064102564102565
2013-09-14,0.5917405145838486,0.030303030303030304,0.6844919786096256
2013-09-16,0.5841397276349041,0.02857142857142857,0.7267267267267268
2013-09-17,0.618560012606194,0.02631578947368421,0.6923076923076923
2013-09-18,0.6142246928325008,0.02857142857142857,0.6794871794871795
2013-09-19,0.6299519296820258,0.025,0.6922183507549361
2013-09-20,0.5502155863717487,0.023809523809523808,0.6829268292682927
2013-09-21,0.5751490629394284,0.02631578947368421,0.6707317073170732
2013-09-22,0.6556882836993051,0.02702702702702703,0.6719512195121952
2013-09-24,0.7493918264522651,0.25,0.5799319727891157
2013-09-25,0.6944095887719082,0.021739130434782608,0.635522664199815
2013-09-26,0.737929266226956,0.02127659574468085,0.6453900709219859
2013-09-27,0.639414075221739,0.020833333333333332,0.6408163265306123
2013-09-28,0.6338793299008553,0.021739130434782608,0.6432880844645551
2013-09-29,0.7416915632803434,0.022727272727272728,0.6123680241327301
2013-09-30,0.6757489784421676,0.017543859649122806,0.6196741854636592
2013-10-01,0.6330441011405566,0.0196078431372549,0.597979797979798
2013-10-02,0.6689093136198342,0.016666666666666666,0.5971751412429378
2013-10-03,0.7383308859912087,0.0196078431372549,0.5772187281621244
2013-10-04,0.630079201647934,0.02127659574468085,0.5975510204081632
2013-10-05,0.7479281245181074,0.037037037037037035,0.5410628019323671
2013-10-06,0.7207772602695662,0.020833333333333332,0.5671768707482994
2013-10-07,0.6621111961177625,0.0196078431372549,0.5856313497822931
2013-10-08,0.6533878492648965,0.016666666666666666,0.6234972677595628
2013-10-09,0.6681180909133827,0.01694915254237288,0.6376811594202898
2013-10-10,0.730773290589873,0.014705882352941176,0.6342710997442456
2013-10-11,0.6888843005142755,0.01694915254237288,0.6459016393442623
2013-10-12,0.7602064706517485,0.05,0.6086956521739131
2013-10-13,0.7620733251446501,0.05263157894736842,0.6054964539007093
2013-10-14,0.6746275418891864,0.019230769230769232,0.5943396226415094
2013-10-15,0.6504772904283305,0.01639344262295082,0.6922263352723427
2013-10-16,0.6163089296304002,0.015873015873015872,0.7506400409626216
2013-10-17,0.6493125013570765,0.024390243902439025,0.6806966618287373
2013-10-18,0.6738625067883439,0.017857142857142856,0.63954802259887
2013-10-19,0.8144879929508733,0.023809523809523808,0.5545098039215687
2013-10-20,0.8095264890446934,0.023809523809523808,0.5831649831649832
2013-10-21,0.7472612827931573,0.01639344262295082,0.566120218579235
2013-10-22,0.6700051756886144,0.014925373134328358,0.5987708516242318
2013-10-23,0.7541463753160117,0.015151515151515152,0.6370221327967807
2013-10-24,0.6395319662126717,0.015873015873015872,0.6459311424100157
2013-10-25,0.7355053585313306,0.015873015873015872,0.5540479421076436
2013-10-26,0.6760452957034712,0.016666666666666666,0.5191256830601093
2013-10-27,0.8080577844294086,0.022222222222222223,0.5147540983606558
2013-10-28,0.6964570506039947,0.015384615384615385,0.5515151515151515
2013-10-29,0.625036712011332,0.0125,0.630834086118639
2013-10-30,0.639793941562819,0.013333333333333334,0.6108771929824561
2013-10-31,0.6628992957603921,0.012195121951219513,0.6564287865100873
2013-11-01,0.6604038030724472,0.012987012987012988,0.6319620253164557
2013-11-02,0.7897775193779577,0.02040816326530612,0.5390693590869183
2013-11-03,0.7717913703224367,0.014705882352941176,0.5590062111801242
2013-11-04,0.7064690893507363,0.013333333333333334,0.6117566643882434
2013-11-05,0.644350859916583,0.014084507042253521,0.5983903420523139
2013-11-06,0.7164591714631326,0.015384615384615385,0.578088578088578
2013-11-07,0.6649631640954372,0.015873015873015872,0.5804195804195804
2013-11-08,0.6389412176691601,0.015151515151515152,0.6169014084507042
2013-11-09,0.806114251912835,0.04,0.5623376623376624
2013-11-10,0.7506855090655237,0.017543859649122806,0.556497175141243
2013-11-11,0.6467538427896835,0.015151515151515152,0.6240409207161125
2013-11-12,0.6430655929098386,0.02040816326530612,0.6612244897959184
2013-11-13,0.6468577420481623,0.02,0.6070588235294118
2013-11-14,0.6897505598577353,0.02040816326530612,0.6105442176870748
2013-11-15,0.6577458519403797,0.023255813953488372,0.5966697502312673
2013-11-16,0.7692404074599767,0.024390243902439025,0.6109803921568627
2013-11-17,0.7754504583086625,0.025,0.5914368650217707
2013-11-18,0.6358737989380571,0.01694915254237288,0.674347158218126
2013-11-19,0.6830534280016475,0.018518518518518517,0.668361581920904
2013-11-20,0.6391009572988939,0.018867924528301886,0.6382232612507306
2013-11-21,0.6066887806901679,0.01694915254237288,0.6841807909604519
2013-11-22,0.6003407558441898,0.017241379310344827,0.6672316384180791
2013-11-23,0.7227157670620269,0.022727272727272728,0.635016835016835
2013-11-24,0.7255483556703477,0.022727272727272728,0.618421052631579
2013-11-25,0.6127482723500017,0.015625,0.6514423076923077
2013-11-26,0.6095025774480599,0.014285714285714285,0.7400194741966893
2013-11-27,0.664129270888024,0.016129032258064516,0.6933514246947082
2013-11-28,0.6528654032107227,0.015625,0.675776397515528
2013-11-29,0.7021969245403984,0.015625,0.6457418788410887
2013-11-30,0.6968621375376584,0.017543859649122806,0.6257040450588838
2013-12-01,0.7231151938869812,0.01694915254237288,0.5903954802259888
2013-12-02,0.6188021023575109,0.012658227848101266,0.6825949367088607
2013-12-03,0.6787225339704697,0.014285714285714285,0.6815968841285297
2013-12-04,0.6526681142802091,0.013333333333333334,0.6699123661148978
2013-12-05,0.6234996521917531,0.011627906976744186,0.7025991792065663
2013-12-06,0.5936390048084152,0.014925373134328358,0.7204968944099379
2013-12-07,0.5984827147291594,0.023809523809523808,0.6586493987049029
2013-12-08,0.5754840056386077,0.02040816326530612,0.6983164983164983
2013-12-09,0.6400070120720839,0.0196078431372549,0.6954887218045113
2013-12-10,0.5950352910159884,0.018518518518518517,0.692929292929293
2013-12-11,0.6042239274124218,0.02,0.7214541730670763
2013-12-12,0.6086184428362795,0.017857142857142856,0.725
2013-12-13,0.6112718551058909,0.014925373134328358,0.7313432835820896
2013-12-15,0.6579986068875034,0.022222222222222223,0.6706753006475485
2013-12-14,0.6895508363249253,0.023255813953488372,0.6607142857142857
2013-12-16,0.5762204991569485,0.0196078431372549,0.6854901960784314
2013-12-17,0.6171444737287297,0.018518518518518517,0.7045454545454546
2013-12-18,0.5954844539879438,0.019230769230769232,0.699874686716792
2013-12-19,0.5871384893691692,0.01818181818181818,0.7405026300409118
2013-12-20,0.6543994420070476,0.019230769230769232,0.6689291101055806
2013-12-21,0.7003775086909083,0.02040816326530612,0.6873173582700175
2013-12-23,0.5950063405084194,0.014925373134328358,0.7268204432383537
2013-12-24,0.5890831893398722,0.017241379310344827,0.7188940092165899
2013-12-25,0.695448810966136,0.017241379310344827,0.6745311554748942
2013-12-26,0.6692570519120773,0.017241379310344827,0.7005444646098004
2013-12-27,0.7204146820185723,0.017857142857142856,0.6896551724137931
2013-12-28,0.7307653218417827,0.017241379310344827,0.6697837521917007
2013-12-29,0.7350545290037049,0.018867924528301886,0.6610169491525424
2013-12-30,0.6814802757447883,0.015384615384615385,0.6942559927634554
2013-12-31,0.7029045998422705,0.016129032258064516,0.6666666666666666
2014-01-01,0.6729119450185894,0.015873015873015872,0.6336538461538461
2014-01-02,0.672337727705632,0.01639344262295082,0.664535379369139
2014-01-03,0.6517783456190225,0.014925373134328358,0.6732394366197183
2014-01-04,0.713092007063885,0.017241379310344827,0.6431478968792401
2014-01-05,0.6456216466324217,0.015151515151515152,0.6440524649479873
2014-01-06,0.7124365453637872,0.014285714285714285,0.6634579785264717
2014-01-07,0.6051782392136867,0.0136986301369863,0.7180365296803652
2014-01-08,0.6001389875923462,0.014285714285714285,0.7076604554865424
2014-01-09,0.5854318304644139,0.015873015873015872,0.7256944444444444
2014-01-10,0.7483239442726134,0.015873015873015872,0.6666666666666666
2014-01-11,0.7528055929162686,0.017543859649122806,0.6636700158646219
2014-01-12,0.7499799893244887,0.02040816326530612,0.6279220779220779
2014-01-13,0.7426133220848521,0.017241379310344827,0.6633547632963179
2014-01-14,0.6119035102514851,0.014285714285714285,0.7221532091097308
2014-01-15,0.622284230082712,0.017241379310344827,0.710806697108067
2014-01-16,0.6672784809303526,0.01639344262295082,0.7010351966873706
2014-01-17,0.6956948767068766,0.017241379310344827,0.6768968456947997
2014-01-18,0.6567883420304987,0.016129032258064516,0.6472184531886025
2014-01-19,0.7452317653503444,0.016129032258064516,0.6021825396825397
2014-01-20,0.610971423106035,0.013333333333333334,0.6845614035087719
2014-01-21,0.6514571336945022,0.014285714285714285,0.6662525879917184
2014-01-22,0.5988143471819604,0.017543859649122806,0.6871794871794872
2014-01-23,0.5836438048249997,0.015151515151515152,0.6937062937062937
2014-01-24,0.6307327095877194,0.017857142857142856,0.6604010025062657
2014-01-25,0.6404556503134061,0.02127659574468085,0.6392156862745098
2014-01-26,0.6642369807381753,0.020833333333333332,0.659607843137255
2014-01-27,0.6002465840037999,0.01694915254237288,0.7095265926358855
2014-01-28,0.6078765808702131,0.017857142857142856,0.7042665108123904
2014-01-29,0.6705809377745019,0.02127659574468085,0.7117794486215538
2014-01-30,0.5932005076237894,0.015151515151515152,0.7505827505827506
2014-01-31,0.5909947479019424,0.016129032258064516,0.7318878900052882
2014-02-01,0.5786955585355892,0.021739130434782608,0.6576168929110106
2014-02-02,0.7195838799520846,0.029411764705882353,0.6271970397779834
2014-02-03,0.5889906010102292,0.018518518518518517,0.7176799440950384
2014-02-04,0.5857000731826933,0.017543859649122806,0.7274436090225563
2014-02-05,0.5885447486977889,0.022222222222222223,0.7066666666666667
2014-02-06,0.6047369423676678,0.018867924528301886,0.7120387174833636
2014-02-07,0.6499352837579032,0.020833333333333332,0.6690856313497823
2014-02-08,0.6728239921040114,0.022222222222222223,0.6480406386066764
2014-02-09,0.7185858939294526,0.02702702702702703,0.6416040100250626
2014-02-10,0.670377318581768,0.01639344262295082,0.6701923076923076
2014-02-11,0.6692388038341296,0.015384615384615385,0.7081585081585081
2014-02-12,0.6229377136258535,0.015151515151515152,0.706964006259781
2014-02-13,0.6515578626977298,0.015625,0.7119585338763421
2014-02-14,0.6079835592624221,0.014285714285714285,0.6898782343987824
2014-02-15,0.6509046275688941,0.015384615384615385,0.6725352112676056
2014-02-16,0.712933218382485,0.016129032258064516,0.6611253196930946
2014-02-17,0.6130015272654399,0.011494252873563218,0.6971398021919273
2014-02-18,0.5993523748424823,0.014285714285714285,0.6952980377637912
2014-02-19,0.6066885487323406,0.01639344262295082,0.7073820395738204
2014-02-20,0.6296498234302165,0.013888888888888888,0.715372907153729
2014-02-21,0.5993935919957141,0.013157894736842105,0.7419685577580314
2014-02-22,0.6770889805356777,0.015873015873015872,0.6572420634920635
2014-02-23,0.6887828756763251,0.01639344262295082,0.6820443238353686
2014-02-24,0.6157791808482517,0.012658227848101266,0.7326106594399278
2014-02-25,0.6487881273082078,0.013333333333333334,0.7053998632946001
2014-02-26,0.6175224047801973,0.01282051282051282,0.6963036963036963
2014-02-27,0.6905286767353769,0.014705882352941176,0.6422535211267606
2014-02-28,0.6460409799280594,0.013333333333333334,0.6926126126126126
2014-03-01,0.6932257076258505,0.014925373134328358,0.6705790297339593
2014-03-02,0.6831109737606595,0.0136986301369863,0.6657552973342447
2014-03-03,0.6162926999918118,0.012195121951219513,0.7308257419923597
2014-03-04,0.5998957632312791,0.0125,0.7145569620253165
2014-03-05,0.6365854945110208,0.0125,0.7189873417721518
2014-03-06,0.6129743576829106,0.012987012987012988,0.6872863978127136
2014-03-07,0.610152529222099,0.014925373134328358,0.7314062029509184
2014-03-08,0.677754793735292,0.013513513513513514,0.716036036036036
2014-03-09,0.7298763899776072,0.014084507042253521,0.6991392801251957
2014-03-10,0.5927625010842399,0.012048192771084338,0.7255362915074934
2014-03-11,0.622906789727732,0.014084507042253521,0.6922675026123302
2014-03-12,0.6516914671683729,0.015384615384615385,0.6604938271604939
2014-03-13,0.5898936408983124,0.011764705882352941,0.7089635854341737
2014-03-14,0.614531875021131,0.014492753623188406,0.697176241480039
2014-03-15,0.6703065023434479,0.013888888888888888,0.661981981981982
2014-03-16,0.6888813149448475,0.012658227848101266,0.6861408633560532
2014-03-17,0.6245620216023315,0.012195121951219513,0.6910112359550562
2014-03-18,0.6203868586398316,0.011235955056179775,0.6956077630234934
2014-03-19,0.6210403591002663,0.013513513513513514,0.6808988764044944
2014-03-20,0.6217930292093988,0.013333333333333334,0.6766034327009937
2014-03-21,0.6570267926001301,0.013157894736842105,0.6484567901234568
2014-03-22,0.7239781073430812,0.014285714285714285,0.6274777853725222
2014-03-23,0.6889097195486669,0.01282051282051282,0.6137617656604999
2014-03-24,0.6249172730866527,0.011627906976744186,0.6560875512995896
2014-03-25,0.6237461822035956,0.012345679012345678,0.6837307152875175
2014-03-26,0.6699717407096546,0.01282051282051282,0.6620253164556962
2014-03-27,0.6411951175036821,0.012195121951219513,0.6891327063740856
2014-03-28,0.6662124875875808,0.012195121951219513,0.6611813106082868
2014-03-29,0.6743923452181391,0.013513513513513514,0.6455912508544087
2014-03-30,0.6791104537057742,0.0136986301369863,0.637029637029637
2014-03-31,0.6083115130505206,0.011494252873563218,0.6548245614035088
2014-04-01,0.6276823684752593,0.009900990099009901,0.659009900990099
2014-04-02,0.6609627187796148,0.012658227848101266,0.6270861833105336
2014-04-03,0.595323449893746,0.01020408163265306,0.7094466652640438
2014-04-04,0.6078428563458863,0.01020408163265306,0.7108715184186882
2014-04-05,0.7073810626767526,0.012987012987012988,0.60505436379665
2014-04-06,0.7021296893418725,0.013513513513513514,0.6205696202531645
2014-04-07,0.6382732230980818,0.011764705882352941,0.6361344537815126
2014-04-08,0.6099408541807355,0.009900990099009901,0.713069306930693
2014-04-09,0.676336891911754,0.011363636363636364,0.6463227783452502
2014-04-10,0.6160478003210493,0.010416666666666666,0.6844444444444444
2014-04-11,0.6071543757612842,0.0125,0.6234567901234568
2014-04-12,0.7203256625912734,0.012987012987012988,0.6077256077256077
2014-04-13,0.5927016932300397,0.012345679012345678,0.6231481481481481
2014-04-14,0.5948079294403089,0.0125,0.6456582633053222
2014-04-15,0.619019572279228,0.01282051282051282,0.6401686239084613
2014-04-16,0.6026332557308552,0.010752688172043012,0.7077267637178052
2014-04-17,0.6099401843908827,0.010526315789473684,0.6940649496080628
2014-04-18,0.6306206516611208,0.011764705882352941,0.6497948016415869
2014-04-19,0.6794377988986481,0.012987012987012988,0.6160337552742616
2014-04-20,0.7467533725616995,0.014925373134328358,0.5933747412008281
2014-04-21,0.8244336092288103,0.023255813953488372,0.5776997366110623
2014-04-22,0.6919186252162469,0.015384615384615385,0.6018018018018018
2014-04-23,0.684771657017051,0.013513513513513514,0.6204819277108434
2014-04-24,0.6837233782179691,0.01282051282051282,0.5897737290625918
2014-04-25,0.7380564107077892,0.0125,0.5623417721518987
2014-04-26,0.658230928527064,0.013513513513513514,0.5927215189873418
2014-04-27,0.6651368915356203,0.0125,0.5671466353217749
2014-04-28,0.6493250022825083,0.010752688172043012,0.6188515213909861
2014-04-29,0.6513268309947139,0.010309278350515464,0.6563595135023707
2014-04-30,0.6362775111499767,0.011235955056179775,0.6477043673012318
2014-05-01,0.6369426251045897,0.010416666666666666,0.6781818181818182
2014-05-02,0.6429249209043478,0.009433962264150943,0.6843198338525441
2014-05-03,0.69424999332762,0.010638297872340425,0.676504232441089
2014-05-04,0.755563261975624,0.011363636363636364,0.6332992849846782
2014-05-05,0.6348803622510438,0.009345794392523364,0.7056956445071416
2014-05-06,0.6451809304507192,0.011904761904761904,0.6708742402992053
2014-05-07,0.6392090705905362,0.011363636363636364,0.6442006269592476
2014-05-08,0.6500802356554125,0.011235955056179775,0.6392737697085523
2014-05-09,0.6581919145137298,0.010309278350515464,0.6461182411108773
2014-05-10,0.7760972042994216,0.012658227848101266,0.6000587716720541
2014-05-11,0.8075826846465097,0.01282051282051282,0.5841613971695272
2014-05-12,0.6567147231028947,0.010752688172043012,0.6687280972995259
2014-05-13,0.6835687153095104,0.009433962264150943,0.68607367475292
2014-05-14,0.6480512397038917,0.009174311926605505,0.7059123343527013
2014-05-15,0.6968497865228389,0.010638297872340425,0.6539753639417694
2014-05-16,0.7184887629326246,0.010526315789473684,0.6866625438054009
2014-05-17,0.6937571723116983,0.014084507042253521,0.6630252100840336
2014-05-18,0.7506563269027012,0.0125,0.6873040752351097
2014-05-19,0.6601445913363382,0.011111111111111112,0.7180291153415453
2014-05-20,0.6770340673350999,0.011764705882352941,0.6845763164929163
2014-05-21,0.6635418645120015,0.011111111111111112,0.7059245102723364
2014-05-22,0.6913607625272318,0.011904761904761904,0.6450980392156863
2014-05-23,0.6338909527518289,0.011235955056179775,0.6810520939734422
2014-05-24,0.7244837991369194,0.013157894736842105,0.6163583252190847
2014-05-25,0.794504864334129,0.015384615384615385,0.5968421052631578
2014-05-26,0.6853480040529345,0.01282051282051282,0.6517778430796356
2014-05-27,0.7006943781290559,0.011363636363636364,0.6703268641470889
2014-05-28,0.6952873039879727,0.010638297872340425,0.6787280701754386
2014-05-29,0.6668996765062937,0.011764705882352941,0.6710463449593884
2014-05-30,0.6844024182003524,0.012195121951219513,0.6580027359781122
2014-05-31,0.6970163306185352,0.0125,0.623897353648757
2014-06-01,0.8211717968076577,0.014084507042253521,0.592893706714845
2014-06-02,0.6457749947620094,0.010638297872340425,0.6857456140350877
2014-06-03,0.6321556826095995,0.010416666666666666,0.6817982456140351
2014-06-04,0.6704553454660824,0.011363636363636364,0.6235955056179775
2014-06-05,0.6192870188246227,0.010309278350515464,0.6681701030927835
2014-06-06,0.6381172655479258,0.011363636363636364,0.6488217799130633
2014-06-07,0.665338485640035,0.01098901098901099,0.6085106382978723
2014-06-08,0.6262492361718331,0.008403361344537815,0.7075630252100841
2014-06-09,0.6423932690519875,0.00909090909090909,0.6346525096525096
2014-06-10,0.7180300061602944,0.01,0.6075433231396534
2014-06-11,0.7259002743307619,0.009433962264150943,0.5971514242878561
2014-06-12,0.7237102432689861,0.008928571428571428,0.6137379758840266
2014-06-13,0.6859482622817602,0.008333333333333333,0.5838935574229692
2014-06-14,0.7225183054260701,0.00819672131147541,0.5933648046157881
2014-06-15,0.7576512494900708,0.008064516129032258,0.5979543666404405
2014-06-16,0.6915363919385998,0.008264462809917356,0.6259988073941563
2014-06-17,0.6813729981990649,0.00819672131147541,0.6450154162384378
2014-06-18,0.6997532146307573,0.007936507936507936,0.6477460317460317
2014-06-19,0.6637111361091699,0.0078125,0.6734645199761479
2014-06-20,0.6742030369943284,0.008928571428571428,0.6539354838709678
2014-06-21,0.8127636288659428,0.009433962264150943,0.5868653935724266
2014-06-22,0.73151684589377,0.008849557522123894,0.6055472263868066
2014-06-23,0.6750543314590999,0.008403361344537815,0.6292063492063492
2014-06-24,0.6628777133221837,0.007462686567164179,0.6912804399057345
2014-06-25,0.7029148712876732,0.009009009009009009,0.6734158230221222
2014-06-26,0.7162602060037987,0.008264462809917356,0.6503183850426771
2014-06-27,0.6561232899530637,0.008403361344537815,0.6649442160892542
2014-06-28,0.7522808629627007,0.009259259259259259,0.6153584777437988
2014-06-29,0.7650577515275896,0.009433962264150943,0.6138247222712043
2014-06-30,0.6784453370740738,0.008264462809917356,0.6515377320146322
2014-07-01,0.6783689492783741,0.008695652173913044,0.6421289355322339
2014-07-02,0.7011828815768845,0.009174311926605505,0.6509009009009009
2014-07-03,0.6541613225283109,0.008620689655172414,0.654872563718141
2014-07-04,0.7774934283102537,0.008849557522123894,0.6171401956217979
2014-07-05,0.7842902332092468,0.009615384615384616,0.6193109987357776
2014-07-06,0.7829566837028672,0.009615384615384616,0.6314470969643383
2014-07-07,0.6734325944543562,0.007751937984496124,0.6823744096178618
2014-07-08,0.7273564804866576,0.008928571428571428,0.64494851994852
2014-07-09,0.6534848312551527,0.008771929824561403,0.6586776859504132
2014-07-10,0.7076868298417922,0.01,0.6418682235195997
2014-07-11,0.6606474649780908,0.009259259259259259,0.6437308868501529
2014-07-12,0.7776648233675274,0.010869565217391304,0.6255473063011613
2014-07-13,0.7818638238025126,0.010869565217391304,0.6175518751189796
2014-07-14,0.6601796731544485,0.009433962264150943,0.6488277268093782
2014-07-15,0.7189594397607119,0.009345794392523364,0.6481481481481481
2014-07-16,0.6817052170532747,0.009009009009009009,0.6852085967130215
2014-07-17,0.6985026181750813,0.008849557522123894,0.6720922882427307
2014-07-18,0.6746056900114311,0.009009009009009009,0.6768878718535469
2014-07-19,0.7129124794348166,0.00980392156862745,0.6475225225225225
2014-07-20,0.7177097506532378,0.011111111111111112,0.65
2014-07-21,0.6489397612767557,0.00909090909090909,0.6520433694745621
2014-07-22,0.6219074550894714,0.01020408163265306,0.6907312529110387
2014-07-23,0.6387490956161149,0.009009009009009009,0.6695627403503774
2014-07-24,0.6605116160732999,0.00847457627118644,0.6423586383706025
2014-07-25,0.6300861860988392,0.009174311926605505,0.6190476190476191
2014-07-26,0.6844951081893,0.009009009009009009,0.5936966309579258
2014-07-28,0.7182977477571881,0.00847457627118644,0.5858126721763085
2014-07-29,0.6652309189089525,0.008064516129032258,0.6285161290322581
2014-07-30,0.6622986265210106,0.007936507936507936,0.6308139534883721
2014-07-31,0.6526486687673207,0.0078125,0.6489825581395349
2014-08-01,0.6167378197959889,0.008547008547008548,0.6395769955091989
2014-08-02,0.7660184467201016,0.011363636363636364,0.6141901576684186
2014-08-03,0.7436203246745933,0.010869565217391304,0.6120401337792643
2014-08-04,0.7145623383143371,0.010526315789473684,0.6144736842105263
2014-08-05,0.704476762064718,0.010752688172043012,0.6092929292929293
2014-08-06,0.6740932345150422,0.009433962264150943,0.6346955796497081
2014-08-07,0.640049860469556,0.009345794392523364,0.6685355079850492
2014-08-08,0.6518110038077731,0.01020408163265306,0.6383336839890595
2014-08-09,0.7107934501402758,0.011494252873563218,0.6106099656357389
2014-08-10,0.6479882057332438,0.01,0.6386138613861386
2014-08-11,0.6925984087210433,0.010101010101010102,0.6099701269604182
2014-08-12,0.6555874599801969,0.009708737864077669,0.636969350847135
2014-08-13,0.6130301285018253,0.009615384615384616,0.6558608058608059
2014-08-14,0.69043044103817,0.011764705882352941,0.5957609805924413
2014-08-15,0.6136492499584509,0.011494252873563218,0.6076280041797283
2014-08-16,0.737533083092795,0.0125,0.5546522131887985
2014-08-17,0.7341607676154753,0.0125,0.5892139988525531
2014-08-18,0.6939959981048529,0.011494252873563218,0.6103166496424923
2014-08-19,0.6788636244662858,0.010638297872340425,0.6162376237623762
2014-08-20,0.6807730620105947,0.00980392156862745,0.6244051018465638
2014-08-21,0.7228741416514052,0.01,0.5886235682391768
2014-08-22,0.6880577011119328,0.009615384615384616,0.6053377814845705
2014-08-23,0.746170317017358,0.012658227848101266,0.587727032269441
2014-08-24,0.7486215411699148,0.012658227848101266,0.5941618015012511
2014-08-25,0.6771189786331131,0.008620689655172414,0.6231948128499852
2014-08-26,0.638999376471219,0.009900990099009901,0.6393120393120393
2014-08-27,0.6421592347496824,0.009174311926605505,0.6063540604825008
2014-08-28,0.672506337595262,0.009433962264150943,0.6097451274362818
2014-08-29,0.6665404669028002,0.009523809523809525,0.5808698606863745
2014-08-30,0.7816731505692892,0.009615384615384616,0.573076923076923
2014-08-31,0.6974709163855153,0.009345794392523364,0.6134896364254162
2014-09-01,0.61008635252329,0.00909090909090909,0.6276897414512094
2014-09-02,0.6546395102561311,0.01020408163265306,0.5924551638837353
2014-09-03,0.6540785379118884,0.010309278350515464,0.6194059405940594
2014-09-04,0.6333779863927163,0.009900990099009901,0.6531505806205977
2014-09-05,0.6718534985520119,0.010638297872340425,0.6087128712871287
2014-09-06,0.7158536232379488,0.010869565217391304,0.5890118423607067
2014-09-07,0.7171375279930202,0.010869565217391304,0.5935655815724348
2014-09-08,0.6361950520365275,0.00909090909090909,0.6575537294563844
2014-09-09,0.6012887468832083,0.00980392156862745,0.6461911874533234
2014-09-10,0.6767557593531189,0.010526315789473684,0.599561403508772
2014-09-11,0.6703825290489301,0.009523809523809525,0.6938498131158681
2014-09-12,0.6593887038836994,0.009433962264150943,0.6903863432165319
2014-09-13,0.7117455750021493,0.011363636363636364,0.6120614035087719
2014-09-14,0.7124912784972013,0.011363636363636364,0.6213487972508591
2014-09-15,0.6083807376408767,0.008928571428571428,0.6868498680329141
2014-09-16,0.6422275482230912,0.008771929824561403,0.682837528604119
2014-09-17,0.6108320218497494,0.009433962264150943,0.6989948862634456
2014-09-18,0.638923202570478,0.010416666666666666,0.637280701754386
2014-09-19,0.5921123627657411,0.009009009009009009,0.6956592956592956
2014-09-20,0.655003825901954,0.010526315789473684,0.6357388316151202
2014-09-21,0.6985378778762399,0.011235955056179775,0.6230683090705487
2014-09-22,0.5973849365753348,0.009615384615384616,0.6891200846411568
2014-09-23,0.6027647291701091,0.009523809523809525,0.7203533809038396
2014-09-24,0.6576281701611917,0.011235955056179775,0.7109783420463032
2014-09-25,0.6368965090257094,0.009345794392523364,0.7451948509962969
2014-09-26,0.658035261293738,0.01,0.6934575810522229
2014-09-27,0.7157821290571914,0.010638297872340425,0.6808419243986255
2014-09-28,0.7171537680479623,0.010638297872340425,0.6772564695981486
2014-09-29,0.606294332412587,0.009009009009009009,0.7271089271089272
2014-09-30,0.6051836322303769,0.010638297872340425,0.7165971643035863
2014-10-01,0.6239770531684637,0.008771929824561403,0.7101381773016612
2014-10-02,0.6014404349645923,0.009523809523809525,0.7185681537647681
2014-10-03,0.6504022446037584,0.008928571428571428,0.734197218710493
2014-10-04,0.6376613122367834,0.00980392156862745,0.707057505601195
2014-10-05,0.7062922960054909,0.01098901098901099,0.6774257425742575
2014-10-06,0.6154916096942423,0.00909090909090909,0.6940760389036251
2014-10-07,0.6297422248933591,0.008333333333333333,0.7085434173669468
2014-10-08,0.6356195819849185,0.00819672131147541,0.6944662995017047
2014-10-09,0.6395675136556329,0.00819672131147541,0.6686336218200891
2014-10-10,0.6973144590397845,0.008547008547008548,0.6590909090909091
2014-10-11,0.698832967365343,0.008403361344537815,0.6586677157094152
2014-10-12,0.7267467610909321,0.010526315789473684,0.6581267217630854
2014-10-13,0.697432976048917,0.007633587786259542,0.6911682190551004
2014-10-14,0.6120798595376034,0.007462686567164179,0.7159067882472138
2014-10-15,0.6807596411592899,0.007042253521126761,0.7016645326504481
2014-10-16,0.6369773596016199,0.006944444444444444,0.6877183305754734
2014-10-17,0.7009499258132328,0.007407407407407408,0.681472213533521
2014-10-18,0.7399114738210666,0.00980392156862745,0.6051282051282051
2014-10-19,0.7391271105106713,0.009523809523809525,0.6067765567765567
2014-10-20,0.7015858532145208,0.009174311926605505,0.6349742599742599
2014-10-21,0.6604105012577466,0.008928571428571428,0.6517052767052767
2014-10-22,0.6776611041179129,0.009523809523809525,0.6717369259742141
2014-10-23,0.6329336040592788,0.008849557522123894,0.6461769115442278
2014-10-24,0.6978365294179415,0.008620689655172414,0.6567493112947659
2014-10-25,0.7113975559143382,0.009433962264150943,0.6052416052416052
2014-10-26,0.7115428257460525,0.009708737864077669,0.6032760032760033
2014-10-27,0.6374096674873481,0.008264462809917356,0.6404105024656804
2014-10-28,0.6463613708950171,0.008333333333333333,0.6146863568622138
2014-10-29,0.6553037024410824,0.008333333333333333,0.6081232492997198
2014-10-30,0.6260445788937671,0.008695652173913044,0.6529619805481874
2014-10-31,0.6290907413541028,0.009345794392523364,0.6588387096774193
2014-11-01,0.7263332360626841,0.010638297872340425,0.6216426020804223
2014-11-02,0.7345105659035204,0.011904761904761904,0.6071695294996265
2014-11-03,0.633627565252965,0.008695652173913044,0.617847312762567
2014-11-04,0.6748789629658112,0.008849557522123894,0.6106040851803564
2014-11-05,0.6911676420051309,0.009259259259259259,0.6178608515057114
2014-11-06,0.6631053513476594,0.009900990099009901,0.6467995062599189
2014-11-07,0.7403786662671638,0.009900990099009901,0.6227106227106227
2014-11-08,0.7424211205357605,0.010101010101010102,0.6069597069597069
2014-11-09,0.7440185845045664,0.01020408163265306,0.6138294257560313
2014-11-10,0.7111384587218272,0.008547008547008548,0.6217086834733894
2014-11-11,0.6720045359159772,0.008264462809917356,0.6536864549433284
2014-11-12,0.677168379171386,0.007633587786259542,0.6510863182618908
2014-11-13,0.6910081207985909,0.008064516129032258,0.6419047619047619
2014-11-14,0.6626592638838293,0.008333333333333333,0.6201680672268908
2014-11-15,0.7478788146797924,0.009615384615384616,0.5992414664981036
2014-11-16,0.7476869741896405,0.010101010101010102,0.5799620733249052
2014-11-17,0.6700009202432281,0.008333333333333333,0.6263085399449035
2014-11-18,0.7042609897225313,0.008928571428571428,0.6459192600924885
2014-11-19,0.670544456153702,0.008,0.6510476190476191
2014-11-20,0.703304036488963,0.007936507936507936,0.6479190101237345
2014-11-21,0.6944688644966512,0.009523809523809525,0.6589038969104176
2014-11-22,0.7069564800998492,0.011363636363636364,0.6205940594059406
2014-11-23,0.7268494345870573,0.011235955056179775,0.6044114615543187
2014-11-24,0.6425105266914336,0.009174311926605505,0.6479782534828407
2014-11-25,0.6171185339851362,0.009523809523809525,0.6197802197802198
2014-11-26,0.6712987877943076,0.009708737864077669,0.6062271062271062
2014-11-27,0.724352423408063,0.0125,0.5945165945165946
2014-11-28,0.7336115020589368,0.012987012987012988,0.5701917130488559
2014-11-29,0.7357510467651914,0.012987012987012988,0.5685148514851485
2014-11-30,0.7573053745203141,0.011235955056179775,0.5253436426116839
2014-12-01,0.6789903260457459,0.009009009009009009,0.5997425997425997
2014-12-02,0.6535696502593307,0.009259259259259259,0.6156109380408445
2014-12-03,0.66313111797191,0.009345794392523364,0.6057132780814671
2014-12-04,0.6613040588337634,0.008849557522123894,0.612743628185907
2014-12-05,0.6442845073598217,0.009009009009009009,0.6092953523238381
2014-12-06,0.725724795836622,0.009345794392523364,0.5631706472827969
2014-12-07,0.7330088238115093,0.009615384615384616,0.5626514364832121
2014-12-08,0.6701092018499953,0.00847457627118644,0.6010430247718384
2014-12-09,0.6631056518957694,0.008849557522123894,0.579747935680139
2014-12-10,0.6648288056146069,0.008928571428571428,0.5687261632341724
2014-12-11,0.6433684459760297,0.00847457627118644,0.588515406162465
2014-12-12,0.6233535786341626,0.007692307692307693,0.6479296784640296
2014-12-13,0.6882273103081111,0.008620689655172414,0.6140645161290322
2014-12-14,0.7180145185036849,0.008403361344537815,0.6116825396825397
2014-12-15,0.670566590525534,0.007633587786259542,0.6185613286948715
2014-12-16,0.6403469121686067,0.007751937984496124,0.6022286821705426
2014-12-17,0.6292290100877667,0.00980392156862745,0.6084070796460177
2014-12-18,0.6609970938367518,0.009009009009009009,0.5931203931203931
2014-12-19,0.6720994930400416,0.009259259259259259,0.6084070796460177
2014-12-20,0.7504135403521051,0.012658227848101266,0.5767363704256908
2014-12-21,0.7511858709021111,0.012658227848101266,0.578796046720575
2014-12-22,0.6774744810862476,0.009009009009009009,0.5714987714987715
2014-12-23,0.6136487340894202,0.008928571428571428,0.6001499250374812
2014-12-24,0.6660596716064323,0.009900990099009901,0.5707629586488061
2014-12-25,0.745825925760226,0.00980392156862745,0.5741481058442794
2014-12-26,0.6437396869934792,0.009259259259259259,0.5951886465905157
2014-12-27,0.6670969315803607,0.009523809523809525,0.5918265221017515
2014-12-28,0.731741410560024,0.010309278350515464,0.5857142857142857
2014-12-29,0.6420165246983461,0.008928571428571428,0.6068211068211068
2014-12-30,0.7342130125499904,0.009615384615384616,0.5818508535489667
2014-12-31,0.7372984352809855,0.00980392156862745,0.5800539083557952
2015-01-02,0.7404303686694219,0.010101010101010102,0.5703407576622882
2015-01-03,0.7286151830151061,0.009345794392523364,0.5900193969317581
2015-01-04,0.7268196559271745,0.009433962264150943,0.598836184094516
2015-01-05,0.6197725348530829,0.008695652173913044,0.6436332029552368
2015-01-06,0.6394847957207647,0.008928571428571428,0.6364607170099161
2015-01-07,0.684273293257775,0.011904761904761904,0.6323232323232323
2015-01-08,0.6624239960443878,0.009900990099009901,0.6684636118598383
2015-01-09,0.6579529420634372,0.010101010101010102,0.7038558786346397
2015-01-10,0.6488349157084873,0.009615384615384616,0.7062246517369071
2015-01-11,0.7168849626494581,0.00980392156862745,0.6946886446886447
2015-01-12,0.6176300001948644,0.008771929824561403,0.703927961496662
2015-01-13,0.6039839866342608,0.009433962264150943,0.7244721356870889
2015-01-14,0.6068573870602857,0.011363636363636364,0.72989921612542
2015-01-15,0.6148185732445197,0.013333333333333334,0.6904570970328789
2015-01-16,0.6803513438903773,0.011235955056179775,0.6818976279650437
2015-01-17,0.6597895242130668,0.011494252873563218,0.6686641697877653
2015-01-18,0.726512279154906,0.012987012987012988,0.6641697877652933
2015-01-19,0.6633592346590804,0.009900990099009901,0.7144070676180768
2015-01-20,0.6523825077831048,0.009708737864077669,0.7243872332921883
2015-01-21,0.6313207799872356,0.010869565217391304,0.7250859106529209
2015-01-22,0.6392017601718943,0.012048192771084338,0.6967447173043975
2015-01-23,0.6720532811640707,0.009708737864077669,0.6923076923076923
2015-01-24,0.7166189530482978,0.01020408163265306,0.6792382374906647
2015-01-25,0.7189740518992062,0.010309278350515464,0.669529499626587
2015-01-26,0.674356341143664,0.008928571428571428,0.6973013493253374
2015-01-27,0.709232446216776,0.009708737864077669,0.6912136536030341
2015-01-28,0.6545128886646197,0.01020408163265306,0.6912805662805663
2015-01-29,0.6492169011241506,0.010101010101010102,0.7020047570506286
2015-01-30,0.6676643367995269,0.009345794392523364,0.7014178482068391
2015-01-31,0.6543967900775642,0.008547008547008548,0.667550839964633
2015-02-01,0.7135100918742288,0.009615384615384616,0.6318840579710145
2015-02-02,0.7043571563144256,0.008928571428571428,0.6307961504811899
2015-02-03,0.7082016706529025,0.007575757575757576,0.6526717557251909
2015-02-04,0.6768859650657445,0.007352941176470588,0.6537808410748177
2015-02-05,0.7028854780274304,0.007518796992481203,0.6384099616858238
2015-02-06,0.7193067341149284,0.006993006993006993,0.6527152317880794
2015-02-07,0.7246606924605452,0.009174311926605505,0.6369747899159663
2015-02-08,0.7345546023830168,0.009259259259259259,0.6209650016989466
2015-02-09,0.6785287271677665,0.00847457627118644,0.6574562028201111
2015-02-10,0.6863957819063514,0.008620689655172414,0.6464891041162227
2015-02-11,0.7151208267250697,0.008695652173913044,0.6488483268144285
2015-02-12,0.6945614727387965,0.0078125,0.6572342519685039
2015-02-13,0.6863837659774129,0.008,0.6755113322277502
2015-02-14,0.7189014680951781,0.007246376811594203,0.6677654579962041
2015-02-15,0.7398569091687626,0.007352941176470588,0.6584789311408017
2015-02-16,0.7194693333434675,0.006756756756756757,0.670878354827466
2015-02-17,0.7258758119928724,0.006944444444444444,0.644879573451002
2015-02-18,0.7090562027705904,0.006493506493506494,0.6723986943714673
2015-02-19,0.6946635134434375,0.006211180124223602,0.6685620230435433
2015-02-20,0.6826833929130484,0.006944444444444444,0.673972602739726
2015-02-21,0.7347490554687109,0.007462686567164179,0.6434494195688225
2015-02-22,0.7021551000333065,0.0072992700729927005,0.6740694401000938
2015-02-23,0.6833952872007898,0.006896551724137931,0.6892181530146305
2015-02-24,0.6450067795064985,0.007194244604316547,0.6683453237410072
2015-02-25,0.6671685980445805,0.008130081300813009,0.6657282869356689
2015-02-26,0.6638579171926153,0.0070921985815602835,0.6936911751001771
2015-02-27,0.6948113147410945,0.006802721088435374,0.6678617392903107
2015-02-28,0.7383856564216017,0.006666666666666667,0.6315883668903803
2015-03-01,0.7389291139416837,0.006896551724137931,0.6301469254489389
2015-03-02,0.7020528930116565,0.006211180124223602,0.635073997392838
2015-03-03,0.7310796712200889,0.006578947368421052,0.5952805364570071
2015-03-04,0.6964911657414774,0.006134969325153374,0.6241209037857249
2015-03-05,0.6880259087242557,0.006711409395973154,0.6334776334776335
2015-03-06,0.678657019865293,0.006211180124223602,0.6378105590062112
2015-03-07,0.7524198854931202,0.006756756756756757,0.6257226644323418
2015-03-08,0.7540814981374335,0.006711409395973154,0.6242349048800662
2015-03-09,0.7196907278575334,0.006329113924050633,0.6409149435734303
2015-03-10,0.6944767534874956,0.006211180124223602,0.6535500427715997
2015-03-11,0.699653553791443,0.006711409395973154,0.6761609907120743
2015-03-12,0.7346792281533859,0.006578947368421052,0.649600903007337
2015-03-13,0.6706129890547459,0.006289308176100629,0.6632075471698113
2015-03-14,0.7238864931348117,0.006711409395973154,0.6196263377471432
2015-03-15,0.722122408488577,0.006756756756756757,0.6197762863534676
2015-03-16,0.6720773777798786,0.005952380952380952,0.6471964224286205
2015-03-17,0.666439270014038,0.0064516129032258064,0.6389841580924384
2015-03-18,0.6780876580326765,0.0072992700729927005,0.6450191570881226
2015-03-19,0.6815081459537397,0.007352941176470588,0.6512237762237763
2015-03-20,0.6836524343516084,0.007633587786259542,0.6220217441591488
2015-03-21,0.685219407979663,0.00819672131147541,0.5859639615228289
2015-03-22,0.6916797547400739,0.007936507936507936,0.5997614788312463
2015-03-23,0.6585744049137412,0.006535947712418301,0.6507087683558271
2015-03-24,0.6587692000723521,0.006578947368421052,0.6799932094049741
2015-03-25,0.6413042458010285,0.007142857142857143,0.6936865950950458
2015-03-26,0.6587575580012285,0.006493506493506494,0.6583481877599525
2015-03-27,0.6771737344441411,0.008264462809917356,0.6324768756423432
2015-03-28,0.7460193806481266,0.008064516129032258,0.5905228758169935
2015-03-29,0.7266342616208724,0.007194244604316547,0.6052905054322154
2015-03-30,0.6705339219261297,0.0064516129032258064,0.647988389905668
2015-03-31,0.661001348362338,0.00684931506849315,0.6409713024282561
2015-04-01,0.6642282984544767,0.006666666666666667,0.6388985709306378
2015-04-02,0.6723721240980947,0.006666666666666667,0.6431319910514541
2015-04-03,0.6646102662972457,0.006622516556291391,0.6687038451744334
2015-04-04,0.6913944950459507,0.0078125,0.58783542039356
2015-04-05,0.7372341801842259,0.007751937984496124,0.5904873752201997
2015-04-06,0.6630174783163975,0.007042253521126761,0.642796410014171
2015-04-07,0.6608519849502322,0.007407407407407408,0.6313339680524701
2015-04-08,0.6762460566306628,0.006802721088435374,0.6754944402003226
2015-04-09,0.670606887155875,0.006493506493506494,0.6968870711202
2015-04-10,0.6686037325129922,0.006493506493506494,0.6760037348272643
2015-04-11,0.7104334252806916,0.007352941176470588,0.6536127964699393
2015-04-12,0.7651947817339181,0.0072992700729927005,0.6469020040448612
2015-04-13,0.6594532581042192,0.006289308176100629,0.6847634383866268
2015-04-14,0.6590243689827051,0.007246376811594203,0.6780261991529597
2015-04-15,0.7043678368282653,0.00847457627118644,0.6394335511982571
2015-04-16,0.6743409860626463,0.0070921985815602835,0.6699233716475096
2015-04-17,0.6667673877419802,0.007246376811594203,0.6734549138804458
2015-04-18,0.7291294546401709,0.00819672131147541,0.6412401574803149
2015-04-19,0.7227016928776063,0.007692307692307693,0.6375202405736757
2015-04-20,0.6886094460571672,0.007142857142857143,0.6679073614557486
2015-04-21,0.6929567900993715,0.006666666666666667,0.6447427293064877
2015-04-22,0.7060672360941193,0.007042253521126761,0.6381208053691275
2015-04-23,0.6896757398858401,0.006289308176100629,0.6642377894812784
2015-04-24,0.6641181418337195,0.006756756756756757,0.6439602868174297
2015-04-25,0.694463919672298,0.007936507936507936,0.5986583391163544
2015-04-26,0.7619349084809814,0.007751937984496124,0.5856887298747764
2015-04-27,0.7003128095111113,0.006993006993006993,0.6373509933774835
2015-04-28,0.7437711779901053,0.007874015748031496,0.6166472416472416
2015-04-29,0.7531241603313845,0.007575757575757576,0.6057762485663643
2015-04-30,0.7435059559943757,0.007142857142857143,0.6073319348716412
2015-05-01,0.6868006368543669,0.007142857142857143,0.6120689655172413
2015-05-02,0.7409561758847258,0.007633587786259542,0.5713446858485026
2015-05-03,0.7605813645677072,0.007407407407407408,0.5762299613045881
2015-05-04,0.7107205595855524,0.0070921985815602835,0.6307225592939879
2015-05-05,0.6735960519496427,0.007194244604316547,0.6292908530318603
2015-05-06,0.7243520179592745,0.0070921985815602835,0.6242133652981721
2015-05-07,0.6711067786290542,0.006329113924050633,0.673191823899371
2015-05-08,0.7083836930908697,0.007874015748031496,0.6070806100217865
2015-05-09,0.762459811792045,0.009174311926605505,0.5949620151939224
2015-05-10,0.7618310158414262,0.009345794392523364,0.593939393939394
2015-05-11,0.6482388630154899,0.007692307692307693,0.619142689371697
2015-05-12,0.7246478294220926,0.007407407407407408,0.6173202614379085
2015-05-13,0.6496114947381157,0.007352941176470588,0.6506535947712418
2015-05-14,0.709612972293534,0.008771929824561403,0.6077435734687401
2015-05-15,0.7424762915938743,0.007462686567164179,0.6199233716475095
2015-05-16,0.7128628482782159,0.007246376811594203,0.618338399189463
2015-05-18,0.6937259445113795,0.0070921985815602835,0.6144883485309017
2015-05-19,0.7361931330794766,0.007246376811594203,0.6339412360688956
2015-05-20,0.6567299534076728,0.0070921985815602835,0.6498640248640248
2015-05-21,0.6552725114417104,0.0072992700729927005,0.6260197509660799
2015-05-22,0.6717802711590448,0.0078125,0.6190252495596007
2015-05-23,0.7412381818841742,0.008064516129032258,0.5977142857142858
2015-05-24,0.7649194661492335,0.008064516129032258,0.5785516860143726
2015-05-25,0.7189670903624212,0.007194244604316547,0.594046548796324
2015-05-26,0.6997531309845184,0.006711409395973154,0.6086171310629515
2015-05-27,0.7165143619284097,0.006802721088435374,0.5875615212527964
2015-05-28,0.6984800052126052,0.006024096385542169,0.6361651169343477
2015-05-29,0.6827062853138088,0.006172839506172839,0.6510641520866469
2015-05-30,0.7004390639494357,0.0070921985815602835,0.5893517131155729
2015-05-31,0.7378167674436896,0.007142857142857143,0.5677286742034944
2015-06-01,0.6824505248763799,0.006802721088435374,0.6307075636110143
2015-06-02,0.6628988553970271,0.006896551724137931,0.6306513409961686
2015-06-03,0.6677017127212977,0.00684931506849315,0.6142163355408389
2015-06-04,0.6897122132082557,0.007042253521126761,0.6082000367714654
2015-06-05,0.6923890326037161,0.007194244604316547,0.6151230425055928
2015-06-06,0.7833513460596173,0.007575757575757576,0.5880512980919612
2015-06-07,0.7323524564470633,0.007246376811594203,0.5937797524595366
2015-06-08,0.7380963422530452,0.0070921985815602835,0.6050893550893551
2015-06-09,0.7259048322798322,0.006993006993006993,0.621743295019157
2015-06-10,0.680544139781032,0.0064516129032258064,0.6426670966701604
2015-06-11,0.7066154668244113,0.007142857142857143,0.6318403624956431
2015-06-12,0.6843965179766637,0.006622516556291391,0.6273963053328686
2015-06-13,0.7204954919347724,0.007352941176470588,0.5769643623872907
2015-06-14,0.7710157063603764,0.007633587786259542,0.5729888432178508
2015-06-15,0.6955654359215617,0.007246376811594203,0.5969533481434465
2015-06-16,0.6759415161224407,0.007352941176470588,0.6145344593890105
2015-06-17,0.7249818341804841,0.008,0.5852713178294574
2015-06-18,0.7023478137615343,0.007874015748031496,0.568761009982384
2015-06-19,0.7230878912415079,0.008333333333333333,0.578371062992126
2015-06-20,0.7592056916208737,0.008,0.5554305711786027
2015-06-21,0.762218653572304,0.007936507936507936,0.5482073643410853
2015-06-22,0.7143440186396783,0.007692307692307693,0.5370889911345528
2015-06-23,0.759720019710808,0.007692307692307693,0.5329501915708812
2015-06-24,0.8142851036869084,0.009433962264150943,0.5415452538631347
2015-06-25,0.7795139105238396,0.006578947368421052,0.554437564499484
2015-06-26,0.7595255063190361,0.0070921985815602835,0.5422768068020785
2015-06-27,0.8202790991670647,0.007246376811594203,0.5365446773016369
2015-06-28,0.8225535569730862,0.007352941176470588,0.5270566155771035
2015-06-29,0.7684575868065602,0.006578947368421052,0.5576195390436877
2015-06-30,0.7124255914207704,0.006578947368421052,0.543424317617866
2015-07-01,0.707242740388981,0.006493506493506494,0.5565982404692082
2015-07-02,0.7528854405681126,0.00684931506849315,0.5725279642058165
2015-07-03,0.755192289269904,0.0070921985815602835,0.5772319319792159
2015-07-04,0.8182295218476049,0.007194244604316547,0.5475967052445001
2015-07-05,0.8024352480388799,0.0072992700729927005,0.5554165363361485
2015-07-06,0.7429411113583737,0.007042253521126761,0.5848873348873349
2015-07-07,0.7459726939303836,0.006666666666666667,0.6083524318818436
2015-07-08,0.7249526053061699,0.007352941176470588,0.5902688860435339
2015-07-09,0.7093619939555005,0.007633587786259542,0.5762202174415915
2015-07-10,0.7200976602781092,0.008620689655172414,0.5428122545168892
2015-07-11,0.8367504708580124,0.008,0.5243602362204725
2015-07-12,0.8109143732501933,0.007692307692307693,0.5364330326162388
2015-07-13,0.7178516876532628,0.006711409395973154,0.5794254658385093
2015-07-14,0.7530252068540525,0.006896551724137931,0.5537643778319972
2015-07-15,0.7188043290440831,0.006993006993006993,0.5719491775829804
2015-07-16,0.725463570254764,0.007352941176470588,0.5524904214559387
2015-07-17,0.7410788261862717,0.006896551724137931,0.5659637504356919
2015-07-18,0.774243624968933,0.007407407407407408,0.5637204522096608
2015-07-19,0.7989656627618332,0.0078125,0.551068649660199
2015-07-20,0.720316723929284,0.006329113924050633,0.6192856566959607
2015-07-21,0.6960370385157212,0.00546448087431694,0.646056070325493
2015-07-22,0.6879245141830264,0.00546448087431694,0.6506296032311712
2015-07-23,0.6975493389294591,0.0070921985815602835,0.6354874041621029
2015-07-24,0.6863435323896626,0.005952380952380952,0.6543682561782109
2015-07-25,0.7227226350374232,0.006896551724137931,0.6243133508478624
2015-07-26,0.7521207102043699,0.006289308176100629,0.6241763235628266
2015-07-27,0.6796601897256984,0.0055248618784530384,0.6793181278213353
2015-07-28,0.6896485873062363,0.00641025641025641,0.6387849768068233
2015-07-29,0.6795679216464592,0.005988023952095809,0.6749873746482937
2015-07-30,0.6640532979872262,0.006493506493506494,0.6789486414577118
2015-07-31,0.670219713476884,0.007194244604316547,0.6401515151515151
2015-08-01,0.7605174069017182,0.008695652173913044,0.5999015748031497
2015-08-02,0.726303524261873,0.008064516129032258,0.594718992248062
2015-08-03,0.6734902122604044,0.006944444444444444,0.6328671328671329
2015-08-04,0.6771426212115179,0.0072992700729927005,0.6291736432581503
2015-08-05,0.6948863567469858,0.007194244604316547,0.6210688591983556
2015-08-06,0.7006369848882561,0.006711409395973154,0.6424814075820787
2015-08-07,0.6797614133754597,0.006944444444444444,0.6321209258384506
2015-08-08,0.7163384591073788,0.0078125,0.6200357781753131
2015-08-09,0.7860168466460646,0.008403361344537815,0.5835351089588378
2015-08-10,0.6825802809789228,0.008,0.6299471520845566
2015-08-11,0.6789615679296123,0.007352941176470588,0.6273420479302833
2015-08-12,0.704609978035336,0.007633587786259542,0.6203647416413374
2015-08-13,0.7177496750147951,0.007575757575757576,0.6235238545111006
2015-08-14,0.7535110005737818,0.007462686567164179,0.6127093173035638
2015-08-15,0.787752580598151,0.008064516129032258,0.5730322580645161
2015-08-17,0.7603963833606385,0.0078125,0.5990403543307087
2015-08-18,0.7293712665056884,0.007407407407407408,0.6230936819172114
2015-08-19,0.781927230878744,0.008,0.6190649224806202
2015-08-20,0.7447164660082671,0.00847457627118644,0.6142857142857143
2015-08-21,0.7412017356251794,0.00819672131147541,0.6234838709677419
2015-08-22,0.79904358498131,0.009708737864077669,0.6005004170141784
2015-08-23,0.8273688262202825,0.009900990099009901,0.589324437030859
2015-08-24,0.7474479776165065,0.009009009009009009,0.6242263483642794
2015-08-25,0.7286171653263533,0.009615384615384616,0.6401098901098901
2015-08-26,0.7161270043960919,0.009615384615384616,0.6291105121293801
2015-08-27,0.7914419552711611,0.010526315789473684,0.6124752475247525
2015-08-28,0.7930757869794391,0.010309278350515464,0.6219361664609416
2015-08-29,0.8050731733711068,0.010309278350515464,0.6245389244806834
2015-08-30,0.8336676516542018,0.010309278350515464,0.5992578849721707
2015-08-31,0.7455714214935585,0.01,0.6223241590214067
2015-09-01,0.738555765426056,0.00980392156862745,0.6474981329350261
2015-09-02,0.7335153489147892,0.010416666666666666,0.6240786240786241
2015-09-03,0.7495547194925086,0.009174311926605505,0.632183908045977
2015-09-04,0.7686161849609499,0.010309278350515464,0.5926605504587156
2015-09-05,0.8564981547756907,0.010526315789473684,0.5482456140350878
2015-09-06,0.809892742467962,0.010526315789473684,0.5635951350237065
2015-09-07,0.7282825706612109,0.010101010101010102,0.6092399929465703
2015-09-08,0.737169458715658,0.008695652173913044,0.6486884762746832
2015-09-09,0.6900033477614953,0.008547008547008548,0.6427170868347339
2015-09-10,0.7533155274952645,0.00980392156862745,0.5692055692055692
2015-09-11,0.7512587121577493,0.00980392156862745,0.5648033856462705
2015-09-12,0.8240884531016652,0.010309278350515464,0.5302835051546392
2015-09-13,0.8028914853837834,0.010309278350515464,0.556969696969697
2015-09-14,0.7650205329537803,0.009523809523809525,0.5981651376146789
2015-09-15,0.7582427528601676,0.008695652173913044,0.6317418213969939
2015-09-16,0.7072684444687976,0.008064516129032258,0.6584516129032258
2015-09-17,0.7444727794261066,0.009009009009009009,0.6226053639846744
2015-09-18,0.7460536872397606,0.009259259259259259,0.6217854217854217
2015-09-19,0.8383194384360699,0.01020408163265306,0.5707988009169459
2015-09-20,0.8295890664945011,0.009433962264150943,0.5802781289506953
2015-09-21,0.7662949540632209,0.008130081300813009,0.5697777777777778
2015-09-22,0.8013181774703717,0.008403361344537815,0.5456637596899225
2015-09-23,0.7827285886601406,0.007692307692307693,0.592326139088729
2015-09-24,0.7613005125045177,0.008064516129032258,0.5687537268932618
2015-09-25,0.7374216698716436,0.009009009009009009,0.5498277559055118
2015-09-26,0.8160613606836332,0.008403361344537815,0.493181222134802
2015-09-27,0.8273237671163963,0.00847457627118644,0.48006889763779526
2015-09-28,0.7443218156415883,0.0072992700729927005,0.532895422792201
2015-09-29,0.7604758113987881,0.006756756756756757,0.5501011215296929
2015-09-30,0.7743864231358522,0.0070921985815602835,0.5526710816777042
2015-10-01,0.8141496887029286,0.007518796992481203,0.5320594898059687
2015-10-02,0.793595030910148,0.00684931506849315,0.552693633230546
2015-10-03,0.801261557480065,0.007407407407407408,0.5461459403905448
2015-10-04,0.8368727209938956,0.0072992700729927005,0.5436346574913982
2015-10-05,0.7560065714564522,0.006666666666666667,0.5710177762286511
2015-10-06,0.7539487970113362,0.007194244604316547,0.5949367088607594
2015-10-07,0.7436760781746335,0.006289308176100629,0.5827561499880582
2015-10-08,0.7287708869367698,0.005847953216374269,0.6436124794745485
2015-10-09,0.713121315878514,0.006993006993006993,0.6326969384244926
2015-10-10,0.7737275387585194,0.007518796992481203,0.5912658927584301
2015-10-11,0.7821369721335908,0.0078125,0.5765671987046033
2015-10-12,0.6539678881745973,0.006896551724137931,0.6639296187683285
2015-10-13,0.6897219953140534,0.0070921985815602835,0.661476510067114
2015-10-14,0.6992772552237867,0.007462686567164179,0.6358147229114971
2015-10-15,0.7246902766743674,0.0058823529411764705,0.6151528466511832
2015-10-16,0.7122498447529626,0.005747126436781609,0.6528202115158637
2015-10-17,0.7580268874316446,0.006993006993006993,0.5547228999651447
2015-10-18,0.7088900171346927,0.006329113924050633,0.5915134145370592
2015-10-19,0.7190946228299037,0.005952380952380952,0.6188652975983293
2015-10-20,0.7269132171582193,0.006711409395973154,0.6231813435433345
2015-10-21,0.7055555421388282,0.006134969325153374,0.6085735402808573
2015-10-22,0.6853907228622412,0.006493506493506494,0.5957816377171216
2015-10-23,0.6992587410253562,0.0070921985815602835,0.6033805031446541
2015-10-24,0.7734382260617217,0.0064516129032258064,0.5846807120692471
2015-10-25,0.7541141890264921,0.00641025641025641,0.5914338030411591
2015-10-26,0.7036593011230202,0.006024096385542169,0.6185714285714285
2015-10-27,0.6805221220555677,0.006578947368421052,0.595754716981132
2015-10-28,0.6742547655033262,0.00684931506849315,0.577765352716429
2015-10-29,0.6862968213572245,0.006944444444444444,0.6061335403726708
2015-10-30,0.6821052253575781,0.005917159763313609,0.6444308445532436
2015-10-31,0.7576681931969456,0.006622516556291391,0.6048505634492896
2015-11-01,0.7620111475642876,0.00641025641025641,0.593167701863354
2015-11-02,0.6973812417056101,0.005847953216374269,0.6383152344485594
2015-11-03,0.6800220912528876,0.005555555555555556,0.6410661162042377
2015-11-04,0.704924867969696,0.0055248618784530384,0.6390423572744015
2015-11-05,0.7018288392674171,0.00558659217877095,0.6452552971889989
2015-11-06,0.6953594394333334,0.005813953488372093,0.6303900073084845
2015-11-07,0.7922292689524337,0.00641025641025641,0.6085735402808573
2015-11-08,0.7768870802920317,0.006134969325153374,0.6086221470836856
2015-11-09,0.701714785941112,0.005847953216374269,0.6410771451886259
2015-11-10,0.7151822896701899,0.005780346820809248,0.6446886446886447
2015-11-11,0.6866870002150876,0.006024096385542169,0.6441692466460268
2015-11-12,0.6771410321596838,0.00625,0.6581625018704175
2015-11-13,0.7218143503376557,0.0064516129032258064,0.6330121491411814
2015-11-14,0.7805357665395944,0.007518796992481203,0.5894160583941606
2015-11-15,0.7832206480298689,0.007874015748031496,0.5829740187949143
2015-11-16,0.7437346077398237,0.007246376811594203,0.6076628352490422
2015-11-17,0.7063171816052224,0.006944444444444444,0.6292867264997638
2015-11-18,0.7214531413898708,0.008130081300813009,0.6516472868217055
2015-11-19,0.6841378010104076,0.008771929824561403,0.6276156793398173
2015-11-20,0.6711370629036763,0.008695652173913044,0.6242213530349123
2015-11-21,0.7009176081843211,0.010416666666666666,0.5949288806431664
2015-11-22,0.7402079255798635,0.010526315789473684,0.5882731958762887
2015-11-23,0.6720780443471116,0.009523809523809525,0.632398753894081
2015-11-24,0.6767780452320955,0.00980392156862745,0.6392170692999471
2015-11-25,0.6692696954669147,0.010101010101010102,0.6510617760617761
2015-11-26,0.7101879067136948,0.010101010101010102,0.6237196765498653
2015-11-27,0.7911799480011882,0.010416666666666666,0.5703883495145631
2015-11-28,0.7930032083619866,0.010638297872340425,0.5733866362078812
2015-11-29,0.7760584698698316,0.009708737864077669,0.575671045117076
2015-11-30,0.6970089719273463,0.00847457627118644,0.6295399515738499
2015-12-01,0.662613482762641,0.008547008547008548,0.6559092248747421
2015-12-02,0.6604400797227573,0.008695652173913044,0.6495726495726496
2015-12-03,0.6971154627960008,0.009615384615384616,0.6591055341055341
2015-12-04,0.664619177837998,0.008620689655172414,0.6667166416791604
2015-12-05,0.7351063366592411,0.009900990099009901,0.6192273135669362
2015-12-06,0.731059288837831,0.009708737864077669,0.6129430435549286
2015-12-07,0.6718628394075791,0.009615384615384616,0.6607669616519174
2015-12-08,0.6729609867479771,0.009523809523809525,0.6665667166416792
2015-12-09,0.6741583024515733,0.00909090909090909,0.6349413298565841
2015-12-10,0.7219837313950346,0.008928571428571428,0.639807483310045
2015-12-11,0.7383446408865101,0.009259259259259259,0.6417014178482069
2015-12-12,0.7754974089362568,0.010416666666666666,0.6147696191878813
2015-12-13,0.7257816093573624,0.01020408163265306,0.6175047338523038
2015-12-14,0.6481766524096852,0.009615384615384616,0.6619643801798625
2015-12-15,0.658294636165392,0.009708737864077669,0.698165455174801
2015-12-16,0.6721544781393086,0.011904761904761904,0.7016430171769977
2015-12-17,0.679021914446304,0.010101010101010102,0.6738816738816739
2015-12-18,0.680719660011054,0.011494252873563218,0.6616191030867793
2015-12-19,0.6904331763033871,0.010526315789473684,0.6235162374020157
2015-12-20,0.6906111578807328,0.009708737864077669,0.6411574338473254
2015-12-21,0.6608075848896509,0.010309278350515464,0.6348020911127707
2015-12-22,0.6515113973461217,0.010101010101010102,0.6752086973403223
2015-12-23,0.6680084657417058,0.011494252873563218,0.6444749485243652
2015-12-24,0.6595491409142319,0.011111111111111112,0.614481897627965
2015-12-25,0.759969478843751,0.011627906976744186,0.5905118601747815
2015-12-26,0.7624081042991744,0.011627906976744186,0.5773726040205703
2015-12-27,0.7602841519784914,0.011764705882352941,0.5813464235624124
2015-12-28,0.6712082509505747,0.009615384615384616,0.6254667662434653
2015-12-29,0.6918978055656617,0.009009009009009009,0.6554054054054054
2015-12-30,0.6803665894755654,0.009433962264150943,0.6296296296296297
2015-12-31,0.7228101309064429,0.010638297872340425,0.5558419243986255
2016-01-01,0.6874164930031399,0.010526315789473684,0.5614035087719298
2016-01-02,0.7466227914583082,0.01098901098901099,0.5557997557997558
2016-01-03,0.716727174557101,0.010752688172043012,0.5771388499298737
2016-01-04,0.6806000657718051,0.010526315789473684,0.619865571321882
2016-01-05,0.6856171010537663,0.008771929824561403,0.6677871148459383
2016-01-06,0.6442305340978565,0.009259259259259259,0.6655798789007918
2016-01-07,0.68569781117288,0.009433962264150943,0.6468790218790219
2016-01-08,0.6935624288959733,0.008620689655172414,0.6518740629685157
2016-01-09,0.6627298351121419,0.009615384615384616,0.6473114264376401
2016-01-10,0.6934655299535111,0.009523809523809525,0.6553113553113553
2016-01-11,0.6596798285518257,0.009259259259259259,0.6439944617514711
2016-01-12,0.651636644849787,0.009009009009009009,0.6742944317315027
2016-01-13,0.6608429439786061,0.009174311926605505,0.6930600838379134
2016-01-14,0.6538952661918345,0.008849557522123894,0.6929535232383808
2016-01-15,0.6270844902831074,0.010752688172043012,0.6717142302465541
2016-01-16,0.6530658001427733,0.012048192771084338,0.645909645909646
2016-01-17,0.7202975893345899,0.01282051282051282,0.6145658263305322
2016-01-18,0.614488278935236,0.011235955056179775,0.6670962199312714
2016-01-19,0.6524919535898802,0.009523809523809525,0.7158067158067158
2016-01-20,0.6899341637804716,0.00819672131147541,0.7273622047244095
2016-01-21,0.6559452874643312,0.009009009009009009,0.7322834645669292
2016-01-22,0.6368102476790947,0.008928571428571428,0.6967503217503217
2016-01-23,0.6431199767301612,0.010416666666666666,0.6689510755758614
2016-01-24,0.6817984894254718,0.009900990099009901,0.7073463268365817
2016-01-25,0.6420301625464548,0.00909090909090909,0.7180697613427747
2016-01-26,0.6818790584307661,0.006802721088435374,0.7277344458552513
2016-01-27,0.6683589317581793,0.008403361344537815,0.7159725203950194
2016-01-28,0.6501175062805054,0.00980392156862745,0.6999101527403414
2016-01-29,0.655680434357192,0.009433962264150943,0.6804258804258805
2016-01-30,0.6627123240089973,0.010416666666666666,0.6666666666666666
2016-01-31,0.704465430244934,0.01098901098901099,0.6531294792164357
2016-02-01,0.6799891445784717,0.009259259259259259,0.7160240202275601
2016-02-02,0.6379073839620927,0.009433962264150943,0.7331256490134995
2016-02-03,0.6515773188955052,0.010638297872340425,0.7383622154264357
2016-02-04,0.6101276649851685,0.011235955056179775,0.7191011235955056
2016-02-05,0.6014700980301552,0.012048192771084338,0.71436967381722
2016-02-06,0.6929145159024008,0.016129032258064516,0.6490188818955942
2016-02-07,0.7329157794594119,0.014705882352941176,0.5991718426501035
2016-02-08,0.6497969575807918,0.013157894736842105,0.6730506155950753
2016-02-09,0.6284774084630835,0.011627906976744186,0.6923282544774124
2016-02-10,0.6430945544448137,0.011111111111111112,0.7265397536394177
2016-02-11,0.6304989555825442,0.010309278350515464,0.7713131313131313
2016-02-12,0.6343110518082644,0.013157894736842105,0.7351097178683386
2016-02-13,0.6316672644505715,0.015384615384615385,0.6745192307692308
2016-02-14,0.7841005021847008,0.01694915254237288,0.6175595238095238
2016-02-15,0.6734354130565388,0.014705882352941176,0.6436487638533674
2016-02-16,0.6330261772015656,0.014705882352941176,0.7149692412850308
2016-02-17,0.6306408117685603,0.014925373134328358,0.726939726939727
2016-02-18,0.6578039758847186,0.013157894736842105,0.7461607949412827
2016-02-19,0.6479037000466573,0.010869565217391304,0.6996699669966997
2016-02-20,0.6628091308815393,0.013333333333333334,0.6621067031463749
2016-02-21,0.7071391041845428,0.014285714285714285,0.6656140350877193
2016-02-22,0.7223655100129275,0.01282051282051282,0.6617283950617284
2016-02-23,0.641423125058912,0.011904761904761904,0.71150766415008
2016-02-24,0.698425374669471,0.012987012987012988,0.7001980198019802
2016-02-25,0.6790528014222534,0.009900990099009901,0.7414195867026055
2016-02-26,0.7139375152265218,0.010752688172043012,0.6928694158075601
2016-02-27,0.7258748572960936,0.011904761904761904,0.6566544566544567
2016-02-28,0.7157106560045233,0.010752688172043012,0.6432250839865622
2016-02-29,0.6690339391483183,0.01,0.6939560439560439
2016-03-01,0.6488733307773361,0.011764705882352941,0.7083946980854198
2016-03-02,0.6557934744915211,0.011904761904761904,0.7047685834502104
2016-03-03,0.6598437947140531,0.011627906976744186,0.7117364447494853
2016-03-04,0.6814066313932108,0.012345679012345678,0.6523809523809524
2016-03-05,0.7052554029450008,0.013888888888888888,0.6035007610350076
2016-03-06,0.7883027759587556,0.016129032258064516,0.567197334320622
2016-03-07,0.7260394980767346,0.0125,0.6218354430379747
2016-03-08,0.6700703377932924,0.011235955056179775,0.6131369798971482
2016-03-09,0.677095289414911,0.011363636363636364,0.6247998169755205
2016-03-10,0.70176199277095,0.01098901098901099,0.5982905982905983
2016-03-11,0.6941992909467665,0.010869565217391304,0.6258591065292096
2016-03-12,0.7042227677836304,0.010638297872340425,0.6284451925099936
2016-03-13,0.7941198046131673,0.011111111111111112,0.6143057503506312
2016-03-14,0.7349504694431247,0.009523809523809525,0.6253369272237197
2016-03-15,0.6540776688060765,0.010101010101010102,0.6504950495049505
2016-03-16,0.660004243290876,0.011111111111111112,0.6446454870608037
2016-03-17,0.6611110249961268,0.010101010101010102,0.6624078624078624
2016-03-18,0.6804793923333423,0.01098901098901099,0.6368848542761586
2016-03-19,0.7168326452388547,0.012195121951219513,0.638060825052695
2016-03-20,0.713855848220295,0.01282051282051282,0.6305555555555555
2016-03-21,0.664599677372566,0.01098901098901099,0.6893408134642356
2016-03-22,0.6480609482164785,0.011235955056179775,0.6856486210418795
2016-03-23,0.6432517256906016,0.011111111111111112,0.7149168945928887
2016-03-24,0.6534096050800252,0.011627906976744186,0.7082748948106592
2016-03-25,0.6359922243160084,0.010638297872340425,0.7155225726654298
2016-03-26,0.6452375434834928,0.013888888888888888,0.6251956181533647
2016-03-27,0.6583735883888047,0.014285714285714285,0.645738203957382
2016-03-28,0.6699089142159533,0.011627906976744186,0.7106227106227107
2016-03-29,0.6598793370545987,0.011627906976744186,0.7116228070175439
2016-03-30,0.6637594686951376,0.011363636363636364,0.6808988764044944
2016-03-31,0.6541887686809604,0.011494252873563218,0.6945863125638406
2016-04-01,0.7465658008295418,0.016129032258064516,0.6035007610350076
2016-04-02,0.7814105823910384,0.017241379310344827,0.5900621118012422
2016-04-04,0.6918384294543466,0.013888888888888888,0.5824561403508772
2016-04-05,0.7160396547396658,0.012987012987012988,0.6224089635854342
2016-04-06,0.6727085649997049,0.010101010101010102,0.6945309795777086
2016-04-07,0.6691665073767769,0.012345679012345678,0.6952475247524752
2016-04-08,0.7051712044791976,0.012048192771084338,0.6534735106163677
2016-04-09,0.6886631782574797,0.012658227848101266,0.6385993049986635
2016-04-10,0.7156158723484136,0.01282051282051282,0.6079195066536839
2016-04-11,0.7407224991305053,0.012987012987012988,0.6538662486938349
2016-04-12,0.6902751995111907,0.011904761904761904,0.6413270637408568
2016-04-13,0.6491342042482765,0.010309278350515464,0.685461813591416
2016-04-14,0.6829619861266101,0.012195121951219513,0.6353187042842215
2016-04-15,0.7062956874474866,0.012345679012345678,0.6409050837496327
2016-04-16,0.7699895447147789,0.013513513513513514,0.6072072072072072
2016-04-17,0.7657424987174164,0.014285714285714285,0.6054033485540334
2016-04-18,0.7079243830460858,0.0136986301369863,0.6582427270055833
2016-04-19,0.6814243389642128,0.01282051282051282,0.619620422346966
2016-04-20,0.6627416658024499,0.011627906976744186,0.6361082737487231
2016-04-21,0.7179407032673926,0.012195121951219513,0.6489028213166145
2016-04-22,0.739963220302397,0.011904761904761904,0.6302122347066167
2016-04-23,0.7188461088745719,0.011363636363636364,0.6253830439223698
2016-04-24,0.7820764653710306,0.013157894736842105,0.6081504702194357
2016-04-25,0.6810786380614502,0.011494252873563218,0.658214801071944
2016-04-26,0.726165842284361,0.011627906976744186,0.6278388278388278
2016-04-27,0.7550831005852787,0.012048192771084338,0.5968253968253968
2016-04-28,0.722335325806076,0.010638297872340425,0.6324561403508772
2016-04-29,0.6805043497081774,0.011235955056179775,0.6351623740201567
2016-04-30,0.7319954711760247,0.011904761904761904,0.58700882117081
2016-05-01,0.7866354072910723,0.013157894736842105,0.5669607056936647
2016-05-02,0.7021395244526298,0.010526315789473684,0.6376718213058419
2016-05-03,0.73932026902434,0.010526315789473684,0.6307017543859649
2016-05-04,0.7005672069983266,0.011235955056179775,0.6312285223367697
2016-05-05,0.7527883744237817,0.011904761904761904,0.6140471288034774
2016-05-06,0.7512457219126597,0.011363636363636364,0.6129956999522217
2016-05-07,0.7236154520725191,0.012658227848101266,0.5768789443488239
2016-05-08,0.7405366756985972,0.011627906976744186,0.5934242181234964
2016-05-09,0.7010207633052105,0.011494252873563218,0.6377028714107366
2016-05-10,0.6987664047207134,0.011627906976744186,0.6127568084089823
2016-05-11,0.6851147106816274,0.010526315789473684,0.6224226804123711
2016-05-12,0.6794412547979966,0.011627906976744186,0.6481354381148479
2016-05-13,0.7875532922878064,0.013888888888888888,0.5894113291373565
2016-05-14,0.683330202981402,0.013157894736842105,0.6182456140350877
2016-05-15,0.7043538838402678,0.014285714285714285,0.584855403348554
2016-05-16,0.7720114379698524,0.011764705882352941,0.6047619047619047
2016-05-17,0.7490612875076884,0.012195121951219513,0.6022282445046673
2016-05-18,0.7201220860064026,0.011904761904761904,0.621342512908778
2016-05-19,0.7369641351901733,0.011904761904761904,0.6047045324153758
2016-05-20,0.7481906536482784,0.0125,0.6147742818057456
2016-05-21,0.7648719472283168,0.012195121951219513,0.6188782489740082
2016-05-22,0.6818004885890248,0.011494252873563218,0.6255012028869287
2016-05-23,0.7529864050401108,0.010869565217391304,0.615474520804114
2016-05-24,0.69202567542828,0.010416666666666666,0.6608058608058608
2016-05-25,0.6828579491372696,0.009615384615384616,0.6993810786914235
2016-05-26,0.700722708172997,0.009523809523809525,0.6194139194139194
2016-05-27,0.6995294826348478,0.008928571428571428,0.6542792792792793
2016-05-28,0.7129594861711802,0.011363636363636364,0.5914529914529915
2016-05-29,0.7267127797388274,0.011494252873563218,0.5796760710553814
2016-05-30,0.7323010536817894,0.011363636363636364,0.5837702871410737
2016-05-31,0.7546053171057013,0.009615384615384616,0.6226415094339622
2016-06-01,0.7056515362437599,0.008547008547008548,0.618287993163367
2016-06-02,0.694162102463838,0.009259259259259259,0.6149666200900481
2016-06-03,0.6664851607657504,0.00847457627118644,0.6458061712299
2016-06-04,0.7041569861740388,0.010416666666666666,0.6034343434343434
2016-06-05,0.6613847337110108,0.009433962264150943,0.6628992628992629
2016-06-06,0.6960035987080121,0.008849557522123894,0.6654877689360448
2016-06-07,0.6900233747152544,0.009259259259259259,0.6712348953728264
2016-06-08,0.6506606630326072,0.009615384615384616,0.665018315018315
2016-06-09,0.6664572802276518,0.010416666666666666,0.6757185681537647
2016-06-10,0.6952711451226202,0.01,0.6607698607698608
2016-06-11,0.6820227033870742,0.009523809523809525,0.6690896503980616
2016-06-12,0.7211576673161654,0.010101010101010102,0.6309523809523809
2016-06-13,0.7403832098436671,0.009708737864077669,0.6296949391641686
2016-06-14,0.6599719592795881,0.008333333333333333,0.718457300275482
2016-06-15,0.6697153642820511,0.008695652173913044,0.6951308139534884
2016-06-16,0.6676354091911831,0.007936507936507936,0.7233021653543307
2016-06-17,0.657783573662298,0.008547008547008548,0.7109677419354838
2016-06-18,0.6614662310209415,0.01,0.6501047020750048
2016-06-19,0.7040847531193714,0.009345794392523364,0.6476811849761946
2016-06-20,0.6669226070244236,0.009009009009009009,0.6576659038901602
2016-06-21,0.7131820884652981,0.008695652173913044,0.6721741410962496
2016-06-22,0.7119366844051827,0.009174311926605505,0.6274104683195593
2016-06-23,0.693441260991407,0.008130081300813009,0.6326774001192605
2016-06-24,0.6905997318600056,0.008064516129032258,0.6461538461538462
2016-06-25,0.7291139580114061,0.008695652173913044,0.6007627765064836
2016-06-26,0.803539867349941,0.008849557522123894,0.5710293432696786
2016-06-27,0.7389911560914961,0.008547008547008548,0.586031746031746
2016-06-28,0.7108486113037311,0.007936507936507936,0.6238723108952117
2016-06-29,0.6814453972215513,0.007142857142857143,0.6608408124704771
2016-06-30,0.7035449152679419,0.0072992700729927005,0.6406508549365693
2016-07-01,0.6799594140314613,0.006756756756756757,0.6223570509284795
2016-07-02,0.7147094209574741,0.007874015748031496,0.6166197476801167
2016-07-03,0.703622718653345,0.007246376811594203,0.6126413155190134
2016-07-04,0.756961603144,0.007142857142857143,0.5912867274569402
2016-07-05,0.680707846612635,0.006993006993006993,0.6024904214559387
2016-07-06,0.7530530686275104,0.0072992700729927005,0.5895482915476569
2016-07-07,0.7395299974978294,0.0070921985815602835,0.607209691716734
2016-07-08,0.6724397994166896,0.007246376811594203,0.6345907613513248
2016-07-09,0.7450644897578999,0.008064516129032258,0.5889606576629477
2016-07-10,0.7830432649932592,0.007874015748031496,0.5845295055821371
2016-07-11,0.7836198320089963,0.007194244604316547,0.5944275582573455
2016-07-12,0.6666926433969526,0.006756756756756757,0.6668699895433949
2016-07-13,0.6501749347060855,0.006802721088435374,0.6663087248322148
2016-07-14,0.6960788337263607,0.006756756756756757,0.6563706563706564
2016-07-15,0.7114069353170113,0.0070921985815602835,0.650242825607064
2016-07-16,0.7424597188229753,0.006993006993006993,0.6124287552858981
2016-07-17,0.8091626321588186,0.006944444444444444,0.6052583195440339
2016-07-18,0.7805496813603712,0.006666666666666667,0.6152543739417883
2016-07-19,0.70473436541137,0.006535947712418301,0.6295529483935282
2016-07-20,0.6635673935892961,0.006134969325153374,0.6562297092561864
2016-07-21,0.6861788772209545,0.0064516129032258064,0.6191037735849056
2016-07-22,0.701403854649681,0.006622516556291391,0.6330047462577583
2016-07-23,0.7451482603291573,0.006666666666666667,0.5980590062111801
2016-07-24,0.7615644157467272,0.006211180124223602,0.6030225946431244
2016-07-25,0.7246207030396705,0.0058823529411764705,0.6489137181874612
2016-07-26,0.6814774238192811,0.005291005291005291,0.681344723064205
2016-07-27,0.7004302187106558,0.005291005291005291,0.6599063102783136
2016-07-28,0.7039996822002865,0.005813953488372093,0.62991930477964
2016-07-29,0.7162195635275441,0.005780346820809248,0.6145251396648045
2016-07-30,0.7987031401458432,0.0070921985815602835,0.5784890752237362
2016-07-31,0.7967695320816702,0.007142857142857143,0.5878930817610063
2016-08-01,0.7204724163766586,0.006060606060606061,0.6410044719642243
2016-08-02,0.6784817732979467,0.006060606060606061,0.6176644493717665
2016-08-03,0.7110844205314826,0.006369426751592357,0.5817947270821575
2016-08-04,0.7139654288464453,0.00625,0.5919254658385094
2016-08-05,0.6811868981755864,0.006329113924050633,0.6133472991171629
2016-08-06,0.7114654611518424,0.007194244604316547,0.5555888522625112
2016-08-08,0.7271198627339058,0.006802721088435374,0.592020592020592
2016-08-09,0.7086368995598074,0.006802721088435374,0.6206116464180981
2016-08-10,0.6877706339298777,0.006369426751592357,0.6546193327630453
2016-08-11,0.6868518703058875,0.00641025641025641,0.6618192187054462
2016-08-12,0.6678582026013706,0.006535947712418301,0.6644360235426913
2016-08-13,0.7426462147920826,0.008,0.6042278332354668
2016-08-14,0.7678259961968089,0.008264462809917356,0.5721904761904761
2016-08-15,0.7427345404757486,0.00684931506849315,0.6572706935123043
2016-08-16,0.7094008007310233,0.006622516556291391,0.6451192393221379
2016-08-17,0.7297659094613018,0.006493506493506494,0.6388765705838877
2016-08-18,0.718229119069123,0.006666666666666667,0.6353773584905661
2016-08-19,0.7558290521198393,0.0072992700729927005,0.596420581655481
2016-08-20,0.8031088542278537,0.006711409395973154,0.5921412803532009
2016-08-22,0.8029701259554829,0.006493506493506494,0.6018433179723502
2016-08-23,0.7326106561707019,0.006666666666666667,0.6114499825723249
2016-08-24,0.7724110290228846,0.006622516556291391,0.6128441965841757
2016-08-25,0.7223405471181116,0.006802721088435374,0.6146578366445916
2016-08-26,0.6969020715717721,0.006896551724137931,0.6144639674051439
2016-08-27,0.7736406546938617,0.007874015748031496,0.5816874194933448
2016-08-28,0.7555258529966327,0.007407407407407408,0.5930392467999577
2016-08-29,0.6821751100998042,0.006756756756756757,0.628724832214765
2016-08-30,0.6901667717277931,0.006211180124223602,0.6994095544820182
2016-08-31,0.7021555981880148,0.006211180124223602,0.6845528455284553
2016-09-01,0.7794003650551835,0.007633587786259542,0.635609551738584
2016-09-02,0.7568681236329201,0.006622516556291391,0.6254716981132076
2016-09-03,0.7897677663887805,0.006802721088435374,0.6088502894954508
2016-09-04,0.7699041284718663,0.006369426751592357,0.6185017116471618
2016-09-05,0.7367926519219408,0.005988023952095809,0.6099942971200456
2016-09-06,0.7254771609076156,0.006211180124223602,0.6000134426670252
2016-09-07,0.7106298572556096,0.005952380952380952,0.5920647149460708
2016-09-08,0.7111450327805188,0.00625,0.5770719240598758
2016-09-09,0.749099798847113,0.006535947712418301,0.5946236559139785
2016-09-10,0.7601458396009879,0.006896551724137931,0.5504250559284116
2016-09-11,0.8070865993481096,0.007407407407407408,0.5357337202974787
2016-09-12,0.7098879822918913,0.006134969325153374,0.5885081550202005
2016-09-13,0.7031602870648596,0.005988023952095809,0.5868263473053892
2016-09-14,0.7002293905293172,0.005917159763313609,0.6189886480908152
2016-09-15,0.7268396948523776,0.006134969325153374,0.6115625891074993
2016-09-16,0.7064222094299233,0.005813953488372093,0.629792040395987
2016-09-17,0.7557969305811018,0.005988023952095809,0.620359037127703
2016-09-18,0.7661312737950221,0.006329113924050633,0.5830007390983001
2016-09-19,0.6827332601569582,0.005917159763313609,0.6221037262743604
2016-09-20,0.7147528323091904,0.005988023952095809,0.6166376609815524
2016-09-21,0.7289009982206495,0.006944444444444444,0.6116441815164851
2016-09-22,0.7424397667929075,0.006097560975609756,0.6139670882632939
2016-09-23,0.7231825918226713,0.005813953488372093,0.6111791105671155
2016-09-24,0.72816222474384,0.006666666666666667,0.5889991728701406
2016-09-25,0.7490263966408787,0.006802721088435374,0.5891914537075827
2016-09-26,0.7249899462440115,0.005917159763313609,0.6272008504418312
2016-09-27,0.6758513291978747,0.006060606060606061,0.6166484118291348
2016-09-28,0.7718015148147561,0.00641025641025641,0.6037735849056604
2016-09-29,0.6714673982524432,0.005952380952380952,0.6356589147286822
2016-09-30,0.7424025828953688,0.006060606060606061,0.6317165462676299
2016-10-01,0.7842654916506909,0.006329113924050633,0.6015825491873396
2016-10-02,0.7355271855041463,0.006134969325153374,0.5991820040899796
2016-10-03,0.6941854070984473,0.006060606060606061,0.6109948777144506
2016-10-04,0.7215418250939796,0.006097560975609756,0.6072431633407244
2016-10-05,0.7444140634366495,0.006329113924050633,0.6108505879806652
2016-10-06,0.7515742987759078,0.006329113924050633,0.5912735849056604
2016-10-07,0.7596252628823282,0.006493506493506494,0.5822371177209887
2016-10-08,0.7279246542925406,0.006756756756756757,0.5765393876848985
2016-10-09,0.7819246630600507,0.006944444444444444,0.5645695364238411
2016-10-10,0.7234069906226617,0.006369426751592357,0.587838355954298
2016-10-11,0.7380453465339889,0.006024096385542169,0.5816319168891133
2016-10-12,0.7086744540387065,0.00625,0.5777345503516385
2016-10-13,0.7237814893359206,0.006134969325153374,0.5718145308506755
2016-10-14,0.6984239512320866,0.0058823529411764705,0.5608075182735817
2016-10-15,0.8135710662628894,0.009345794392523364,0.5164951821002777
2016-10-16,0.8092063357037091,0.006622516556291391,0.526702596766291
2016-10-17,0.6938690796022173,0.006369426751592357,0.5898176682074987
2016-10-18,0.7695907798087724,0.005813953488372093,0.6099937926753569
2016-10-19,0.7245274582491773,0.005917159763313609,0.6273754494093478
2016-10-20,0.7589511999386637,0.005813953488372093,0.645974025974026
2016-10-21,0.7560952230985293,0.006622516556291391,0.6337926556525503
2016-10-22,0.7901167752231002,0.006944444444444444,0.5916997792494482
2016-10-24,0.7124338505616998,0.006535947712418301,0.5942552459580324
2016-10-25,0.7129490663608937,0.005847953216374269,0.6242102433122731
2016-10-26,0.7143232171586307,0.006622516556291391,0.6100655831194753
2016-10-27,0.7302262588841931,0.006493506493506494,0.6204334365325077
2016-10-28,0.7158517324503643,0.0056179775280898875,0.6492731543198121
2016-10-29,0.7158357151467115,0.006896551724137931,0.6229086229086229
2016-10-30,0.7708393361339384,0.007246376811594203,0.6159003831417624
2016-10-31,0.7112917223419478,0.006622516556291391,0.6445754716981132
2016-11-01,0.730724388864726,0.006024096385542169,0.6660888546481767
2016-11-02,0.6963676904650243,0.0055248618784530384,0.7034077555816686
2016-11-03,0.7063667105272461,0.005434782608695652,0.6994124559341951
2016-11-04,0.6977359077708496,0.005988023952095809,0.6903336773305814
2016-11-05,0.6926357639952219,0.006944444444444444,0.6783410138248848
2016-11-06,0.758550584817947,0.006944444444444444,0.6571941858566063
2016-11-07,0.7450092083088711,0.006172839506172839,0.6682627562471943
2016-11-08,0.6948842373626294,0.005649717514124294,0.719632768361582
2016-11-09,0.6902582521033064,0.006060606060606061,0.7278300541773596
2016-11-10,0.6457587345146881,0.006711409395973154,0.7553459119496856
2016-11-11,0.646884968872841,0.008130081300813009,0.7289162240238561
2016-11-12,0.7348010959410356,0.009523809523809525,0.6599790191450302
2016-11-13,0.6898201981767788,0.007751937984496124,0.6696418085731063
2016-11-14,0.6798943088409486,0.008130081300813009,0.6869443612026771
2016-11-15,0.6882404664386848,0.006944444444444444,0.698063297118564
2016-11-16,0.6753362580265858,0.006134969325153374,0.6804578781984139
2016-11-17,0.6710561545529937,0.0058823529411764705,0.7097867251345426
2016-11-18,0.6639741128146387,0.00625,0.7225155279503106
2016-11-19,0.7138219651772215,0.006993006993006993,0.6852893161617993
2016-11-20,0.7636901363820927,0.007462686567164179,0.6687765706188001
2016-11-21,0.6854475119637382,0.006134969325153374,0.7095874028303767
2016-11-22,0.7011564397655806,0.005813953488372093,0.7111688311688311
2016-11-23,0.6677913744918289,0.006024096385542169,0.6910904712762298
2016-11-24,0.7313362115250034,0.006535947712418301,0.6835403726708075
2016-11-25,0.7165426410283112,0.006060606060606061,0.6810051736881005
2016-11-26,0.7103557778542422,0.00625,0.66030212407024
2016-11-27,0.7521538488293887,0.006329113924050633,0.6561320754716982
2016-11-28,0.666135057151647,0.006060606060606061,0.7007366482504604
2016-11-29,0.6983416859222373,0.0056179775280898875,0.7088397790055249
2016-11-30,0.7195028399154948,0.006329113924050633,0.7015402499273466
2016-12-01,0.7234839541961885,0.006097560975609756,0.6784893267651888
2016-12-02,0.710516884733114,0.005405405405405406,0.6752643948296122
2016-12-03,0.7503423875547898,0.0058823529411764705,0.6538827689378485
2016-12-04,0.7399234913345164,0.006097560975609756,0.6444254348445965
2016-12-05,0.6966691708383188,0.005405405405405406,0.6674565996142188
2016-12-06,0.6919883167855401,0.00558659217877095,0.6820512820512821
2016-12-07,0.7248579100582001,0.00546448087431694,0.6695992179863147
2016-12-08,0.705222155373963,0.00558659217877095,0.6682941005521651
2016-12-09,0.7425396100021058,0.006097560975609756,0.6606360693201295
2016-12-10,0.7577509617621413,0.00625,0.6402195608782435
2016-12-11,0.7718942327688906,0.006329113924050633,0.6281389748882009
2016-12-12,0.7141010782516231,0.005494505494505495,0.661922776676875
2016-12-13,0.7297928058594101,0.0056179775280898875,0.6628606507059546
2016-12-14,0.6933045217108457,0.0055248618784530384,0.668613943235051
2016-12-15,0.6976567119747691,0.0053475935828877,0.6552218241939929
2016-12-16,0.7109731760236803,0.005747126436781609,0.6530321993400842
2016-12-17,0.7548401299476536,0.006134969325153374,0.6311330049261084
2016-12-18,0.7425455948868392,0.005813953488372093,0.621515027879777
2016-12-19,0.698865214979129,0.005291005291005291,0.6553864421416234
2016-12-20,0.7179736431800584,0.005405405405405406,0.6509911141490089
2016-12-21,0.7293349223113466,0.0049504950495049506,0.6397179561479764
2016-12-22,0.728193280317791,0.005494505494505495,0.6298564823154987
2016-12-23,0.785710448223117,0.006211180124223602,0.5903614457831325
2016-12-24,0.7854935799545951,0.006024096385542169,0.5950242372398061
2016-12-25,0.7903432018734894,0.0058823529411764705,0.5984684998259658
2016-12-26,0.795542872412805,0.005780346820809248,0.6212103407755581
2016-12-27,0.7849698347285485,0.00546448087431694,0.6350928324697754
2016-12-28,0.7388111325371984,0.005405405405405406,0.6111633372502938
2016-12-29,0.7826735659813,0.005681818181818182,0.5996474735605171
2016-12-30,0.7949454015709971,0.006289308176100629,0.5742857142857143
2016-12-31,0.7699643321032622,0.005747126436781609,0.5755007704160247
2017-01-01,0.7962395944921686,0.006369426751592357,0.572226502311248
2017-01-02,0.7804713566866552,0.005376344086021506,0.5984184776425077
2017-01-03,0.7459330814415328,0.0051813471502590676,0.6342613956827154
2017-01-04,0.7256733761610058,0.005376344086021506,0.6272108843537415
2017-01-05,0.7350146895528545,0.00510204081632653,0.6296151782665952
2017-01-06,0.7319402548361708,0.00510204081632653,0.6240062429888309
2017-01-07,0.7571289195550858,0.005208333333333333,0.5972508591065292
2017-01-08,0.7378848027767619,0.005263157894736842,0.5794486215538847
2017-01-09,0.7375697562288992,0.00510204081632653,0.6181698794615638
2017-01-10,0.760395071835739,0.005555555555555556,0.6009822970639033
2017-01-11,0.7375225956435724,0.005434782608695652,0.6114679374287786
2017-01-12,0.7514260674059495,0.005494505494505495,0.600130890052356
2017-01-13,0.7321595308731864,0.00510204081632653,0.6160804020100502
2017-01-14,0.7318605750187144,0.005128205128205128,0.5973952725221761
2017-01-16,0.7954017841256618,0.005434782608695652,0.5839243498817966
2017-01-17,0.7305302230421792,0.005154639175257732,0.6154228855721393
2017-01-18,0.7593769163942461,0.005319148936170213,0.6130821559392988
2017-01-19,0.7603436208344602,0.0053475935828877,0.6070250241104512
2017-01-20,0.752992829179175,0.00510204081632653,0.5971859296482412
2017-01-21,0.7822956118267735,0.0053475935828877,0.5797270955165692
2017-01-22,0.7824128493391471,0.005376344086021506,0.5857978279030911
2017-01-23,0.7719000707688441,0.005128205128205128,0.5853768844221106
2017-01-24,0.7375098495447989,0.004901960784313725,0.6055063083345059
2017-01-25,0.7787131972244221,0.005291005291005291,0.5951501791127032
2017-01-26,0.7299964666914289,0.005376344086021506,0.6044487427466151
2017-01-27,0.7349636139821929,0.005555555555555556,0.6231910166336396
2017-01-28,0.7496395397475283,0.006289308176100629,0.6003105590062112
2017-01-29,0.792077342811072,0.006172839506172839,0.6027911969940956
2017-01-30,0.723208154839807,0.005952380952380952,0.6288896623738253
2017-01-31,0.6776671379292017,0.006289308176100629,0.6208074534161491
2017-02-01,0.691185810216584,0.006944444444444444,0.6342989256085951
2017-02-02,0.7257269105674096,0.006711409395973154,0.6240566037735849
2017-02-03,0.7117192040340622,0.006756756756756757,0.6306040268456375
2017-02-04,0.7327105174164126,0.006896551724137931,0.6118851049191606
2017-02-05,0.7814517502993835,0.0078125,0.5870669327045166
2017-02-06,0.7172204340558744,0.006329113924050633,0.6143619138603614
2017-02-07,0.7326389943781434,0.00641025641025641,0.6116262194630331
2017-02-08,0.739336419000706,0.007352941176470588,0.6069094304388422
2017-02-09,0.6942580899690162,0.006756756756756757,0.5956430666108086
2017-02-10,0.7005045043177482,0.006329113924050633,0.6101643565856245
2017-02-11,0.7629170932578881,0.006666666666666667,0.5884932920536635
2017-02-12,0.7683515585846195,0.006756756756756757,0.6032719836400818
2017-02-13,0.687846264481052,0.00625,0.6394668842649259
2017-02-14,0.7566406306838758,0.006666666666666667,0.6020317665081029
2017-02-15,0.7717923033721843,0.00684931506849315,0.6332680058794709
2017-02-16,0.7189486395931245,0.0064516129032258064,0.6522129674995917
2017-02-17,0.7143787461497558,0.006535947712418301,0.6439653764494528
2017-02-18,0.7178857761267851,0.007462686567164179,0.6415837683443317
2017-02-19,0.7334784212244029,0.0070921985815602835,0.64500777000777
2017-02-20,0.7884945950973838,0.007246376811594203,0.610108644307983
2017-02-21,0.7330023681982545,0.006666666666666667,0.6355148119854003
2017-02-22,0.7317642585241638,0.006535947712418301,0.643424317617866
2017-02-23,0.6722699502444206,0.006711409395973154,0.6377924944812362
